['baseline[144-145]']
True
True
0 True
True
True
1 True
True
True
True
2 True
True
True
3 True
True
True
True
4 True
True
True
5 True
True
True
True
6 True
True
True
7 True
True
True
True
8 True
True
True
9 True
True
True
True
10 True
True
True
11 True
True
True
True
12 True
True
True
13 True
True
True
True
14 True
True
True
15 True
True
True
True
16 True
True
True
17 True
True
True
True
18 True
True
True
19 True
True
True
True
20 True
True
True
21 True
True
True
True
22 True
True
True
23 True
True
True
True
24 True
True
True
25 True
True
True
True
26 True
True
True
27 True
True
True
True
28 True
True
True
29 True
True
True
True
30 True
True
True
31 True
True
True
True
32 True
True
True
33 True
True
True
True
34 True
True
True
35 True
True
True
True
36 True
True
True
37 True
True
True
True
38 True
True
True
39 True
True
TLAI_pft7
(40, 4015)
(4000, 28)
[ 0  1  2  3  4  5  6  7  8  9 10 11 12 13 14 15 16 17 18 19 20 21 22 23
 24 25 26 27 28 29 30 31 32 33 34 35 36 37 38 39]
(40,)
Correlations for training data: TLAI_pft7
0 nan
1 nan
2 nan
3 nan
4 nan
5 nan
6 nan
7 nan
8 nan
9 nan
10 nan
11 nan
12 nan
13 nan
14 nan
15 nan
16 nan
17 nan
18 nan
19 nan
20 nan
21 nan
22 nan
23 nan
24 nan
25 nan
26 nan
27 nan
28 nan
29 nan
30 nan
31 nan
32 nan
33 nan
34 nan
35 nan
36 nan
37 nan
38 nan
39 nan
40 nan
41 nan
42 nan
43 nan
44 nan
45 nan
46 nan
47 nan
48 nan
49 nan
50 nan
51 nan
52 nan
53 nan
54 nan
55 nan
56 nan
57 nan
58 nan
59 nan
60 nan
61 nan
62 nan
63 nan
64 nan
65 nan
66 nan
67 nan
68 nan
69 nan
70 nan
71 nan
72 nan
73 nan
74 nan
75 nan
76 nan
77 nan
78 nan
79 nan
80 nan
81 nan
82 nan
83 nan
84 nan
85 0.28321790431901295
86 0.2510178521403734
87 0.22481153996545972
88 0.2891779859221834
89 0.3402579258209425
90 0.4673242055767339
91 0.3861304628385664
92 0.44767971860078987
93 0.5695105857057212
94 0.7030591087795625
95 0.6848470558705592
96 0.7722663611963304
97 0.7701730204853715
98 0.7512925903618825
99 0.7676848268807416
100 0.7862184535728551
101 0.755827922525065
102 0.7662488226012243
103 0.7595748191764613
104 0.7650110363980847
105 0.7494651061689619
106 0.7817830365025744
107 0.7679149399356295
108 0.7402269239543714
109 0.774029282176175
110 0.8082975403817556
111 0.7726408356677144
112 0.7469298297081155
113 0.7971115803519182
114 0.7522356000696329
115 0.7802051302078181
116 0.7379017611938002
117 0.7653633534060927
118 0.7776411955017841
119 0.7827670563073309
120 0.7466476244463919
121 0.7742546240002416
122 0.7820038473137028
123 0.7027472551582159
124 0.7979207722011585
125 0.7594241027424486
126 0.718286474035767
127 0.75345378056566
128 0.7298129269342645
129 0.7641285889616222
130 0.7564392805421951
131 0.7188113757284111
132 0.7741903069881247
133 0.7404671909521138
134 0.7294338499396298
135 0.7903131417356969
136 0.7448905972071579
137 0.7728150904230233
138 0.8029746598610398
139 0.7520987137382635
140 0.7829758029174171
141 0.7649267910211148
142 0.7307594179987621
143 0.7786807111895774
144 0.7500959067871139
145 0.7369826969474705
146 0.7690065374385923
147 0.7841085260687856
148 0.7473616200000683
149 0.777607281878201
150 0.7910354583136945
151 0.7888984559968636
152 0.7174295550848481
153 0.7540362302807023
154 0.7178010625745969
155 0.7723167554557714
156 0.7698626473817507
157 0.7705922102807169
158 0.7437395565104918
159 0.7684149362081384
160 0.7766990517259136
161 0.79124040433449
162 0.7443561679700726
163 0.7461286516101725
164 0.7881305127334718
165 0.7342004995974944
166 0.7003165535032192
167 0.7474320854673554
168 0.7836752663052615
169 0.7576479318285608
170 0.7616973064612559
171 0.7693206042240959
172 0.7731786890974333
173 0.7610798021914996
174 0.7134679848032383
175 0.7172297498796824
176 0.773253515430494
177 0.7393544950781938
178 0.777492238422896
179 0.7793515458932402
180 0.7780855314481377
181 0.7667749686846393
182 0.7922338696767313
183 0.7617978693284487
184 0.7717523356373541
185 0.7601345933473836
186 0.7372430639715929
187 0.75482848274119
188 0.7615138796681964
189 0.7249509386726518
190 0.789010195528457
191 0.7479833997896748
192 0.7267236496439825
193 0.759981807502143
194 0.7370450562542438
195 0.7480814986460403
196 0.72898637924992
197 0.6999096956746026
198 0.7081489062668735
199 0.7524901297531748
200 0.7634899152782355
201 0.7449775190937135
202 0.7650162705109101
203 0.7435079752902471
204 0.7746889517207801
205 0.7264537684008837
206 0.7561804817030363
207 0.7251034634226724
208 0.731161633822681
209 0.7396366758926245
210 0.6948057473916279
211 0.774261368739551
212 0.6668340030933878
213 0.7429518164903469
214 0.711927310976204
215 0.73768239947701
216 0.7642432897736016
217 0.7617812804297608
218 0.7504794024067555
219 0.8156269583136603
220 0.7840174470347514
221 0.740415169450908
222 0.715452395993683
223 0.7277477705168283
224 0.7595852747655912
225 0.7546183311082424
226 0.7506662273408105
227 0.7156018603479543
228 0.786223125194136
229 0.7380399909119871
230 0.7825261682823337
231 0.7459904978631395
232 0.7660477928103169
233 0.7483959380791738
234 0.7311711043400455
235 0.7581658035665313
236 0.7070951847752093
237 0.7943914152142433
238 0.7488829097386847
239 0.7402597112276884
240 0.7878747644471198
241 0.6677671923551179
242 0.7102041870423896
243 0.7567384121767208
244 0.785763872923939
245 0.7333722500826312
246 0.7188126450243721
247 0.718605392550089
248 0.7170150181680817
249 0.721183982004873
250 0.7259317143832172
251 0.7426469754853823
252 0.7709864961080798
253 0.7670624446147152
254 0.764783065903048
255 0.7089678953587942
256 0.7583126921244024
257 0.7139460383861095
258 0.7185331574467148
259 0.8030050496110746
260 0.7348070842257935
261 0.7603003147938383
262 0.7144233298709748
263 0.7625013660697731
264 0.7293166059977692
265 0.772381445450765
266 0.7092176378835873
267 0.7368451837275601
268 0.76769307208231
269 0.7603121206238581
270 0.7164374075495931
271 0.7180845440791828
272 0.6930537250223442
273 0.7667161225876884
274 0.7667918334538525
275 0.7559450283003433
276 0.8159187304446601
277 0.731087617513302
278 0.7033865708090803
279 0.752869845695935
280 0.770685807697194
281 0.7092830812135613
282 0.7636023301781311
283 0.784698650538716
284 0.7617766701341361
285 0.7666435363966067
286 0.7637185562412826
287 0.7272257209176889
288 0.720036792761574
289 0.766314419674252
290 0.7080273823396431
291 0.7618648071688751
292 0.7332352910567342
293 0.7222562004154531
294 0.7620372687729269
295 0.7674323540549587
296 0.7864145631731803
297 0.7942556682190457
298 0.7108562249362844
299 0.6910323569483853
300 0.7615336458067414
301 0.8193755427507555
302 0.7753763920906674
303 0.768547185536736
304 0.7473756630316682
305 0.7711684599456914
306 0.7694614173780664
307 0.7476323048689957
308 0.7475377687425417
309 0.7763744820638916
310 0.7528761771377794
311 nan
312 nan
313 nan
314 nan
315 nan
316 nan
317 nan
318 nan
319 nan
320 nan
321 nan
322 nan
323 nan
324 nan
325 nan
326 nan
327 nan
328 nan
329 nan
330 nan
331 nan
332 nan
333 nan
334 nan
335 nan
336 nan
337 nan
338 nan
339 nan
340 nan
341 nan
342 nan
343 nan
344 nan
345 nan
346 nan
347 nan
348 nan
349 nan
350 nan
351 nan
352 nan
353 nan
354 nan
355 nan
356 nan
357 nan
358 nan
359 nan
360 nan
361 nan
362 nan
363 nan
364 nan
365 nan
366 nan
367 nan
368 nan
369 nan
370 nan
371 nan
372 nan
373 nan
374 nan
375 nan
376 nan
377 nan
378 nan
379 nan
380 nan
381 nan
382 nan
383 nan
384 nan
385 nan
386 nan
387 nan
388 nan
389 nan
390 nan
391 nan
392 nan
393 nan
394 nan
395 nan
396 nan
397 nan
398 nan
399 nan
400 nan
401 nan
402 nan
403 nan
404 nan
405 nan
406 nan
407 nan
408 nan
409 nan
410 nan
411 nan
412 nan
413 nan
414 nan
415 nan
416 nan
417 nan
418 nan
419 nan
420 nan
421 nan
422 nan
423 nan
424 nan
425 nan
426 nan
427 nan
428 nan
429 nan
430 nan
431 nan
432 nan
433 nan
434 nan
435 nan
436 nan
437 nan
438 nan
439 nan
440 nan
441 nan
442 nan
443 nan
444 nan
445 nan
446 nan
447 nan
448 nan
449 nan
450 nan
451 nan
452 nan
453 nan
454 nan
455 nan
456 nan
457 nan
458 nan
459 nan
460 nan
461 nan
462 nan
463 nan
464 nan
465 nan
466 nan
467 nan
468 nan
469 0.2735306799891823
470 0.34285932517721796
471 0.19604461691423775
472 0.2397501515964388
473 0.2636507059054128
474 0.28367588175264286
475 0.39955321797159243
476 0.5461608117046514
477 0.6275445195260738
478 0.6906783557021058
479 0.7522124162948517
480 0.7390067640241508
481 0.7960772308716587
482 0.7385996199780707
483 0.7749745132341329
484 0.7888008582843957
485 0.7282687646687631
486 0.7985099504322665
487 0.806819826116171
488 0.7536447832122426
489 0.7555502476178617
490 0.7614994601685199
491 0.7894372038084336
492 0.7672106882462834
493 0.7781195768898846
494 0.735996432185427
495 0.7646102752947256
496 0.7812204127101167
497 0.714609764788131
498 0.6918556047434061
499 0.7426437919147616
500 0.7667925293679598
501 0.7754806855229525
502 0.7339471927371775
503 0.7380916746272002
504 0.7201171178309589
505 0.787083896410542
506 0.7655375526199512
507 0.7576324934210629
508 0.707681649184813
509 0.7126621622514716
510 0.7526120288423419
511 0.7700453694507348
512 0.7570769313229132
513 0.755359620966445
514 0.716606723378541
515 0.6972008355016845
516 0.6958350732279007
517 0.7869511460813635
518 0.7064432877743605
519 0.7076640267732364
520 0.7565027056143823
521 0.7745182982736277
522 0.78181299728062
523 0.7471941429477363
524 0.7523167261673915
525 0.7490588491229447
526 0.7709874745623908
527 0.7614950186930214
528 0.7420488738862685
529 0.7492211028399819
530 0.7562086572789787
531 0.7509351970808837
532 0.7821264115448426
533 0.7101040602614431
534 0.7327569005829723
535 0.7376623880334263
536 0.7739202163526572
537 0.7544178808235565
538 0.7536364354872856
539 0.7387692534057223
540 0.7612544303702712
541 0.7915110224018956
542 0.7454238664232159
543 0.7293128823621983
544 0.7510929857502775
545 0.7586347264095368
546 0.7440220370078622
547 0.7342385266448417
548 0.6745334866665778
549 0.7650899083417442
550 0.7467622174994953
551 0.6730839452860393
552 0.767755807782095
553 0.6922431085488107
554 0.7457907619922617
555 0.7848484304981267
556 0.7402272531262386
557 0.7537036361432101
558 0.7791962366338777
559 0.780828382861171
560 0.7828550811787514
561 0.7718733857750231
562 0.791965374107023
563 0.7466841160403429
564 0.7605430661100457
565 0.778578464674095
566 0.7275608253920383
567 0.7271681751163843
568 0.7985563625612956
569 0.8028937184078089
570 0.7457231140403542
571 0.7758120164073772
572 0.7699006743106579
573 0.7532996681909254
574 0.7721270826825702
575 0.7528847382201798
576 0.730531901507695
577 0.7406639191998973
578 0.7596844778046336
579 0.7348221529845002
580 0.7589344670830448
581 0.6986200892615781
582 0.7487753573624503
583 0.74713293423766
584 0.7401431888050753
585 0.7270435981193242
586 0.7628665177704402
587 0.7247699224106605
588 0.7811285718081257
589 0.7369407381771877
590 0.744734514048459
591 0.8015046618003933
592 0.8126541184278255
593 0.7279295439109881
594 0.7564289099774342
595 0.7623519455812616
596 0.7541418659585403
597 0.7513038390162862
598 0.7036823059800522
599 0.7308476531942059
600 0.7518588882377877
601 0.7789236669608003
602 0.7513802856455415
603 0.7288474580494585
604 0.7431539146077567
605 0.7366572862759546
606 0.7571020007434633
607 0.7658940438474242
608 0.71701779155471
609 0.7301375565761427
610 0.7543319219087645
611 0.7401762367806353
612 0.7419626053828718
613 0.7636022833982743
614 0.7317937435323529
615 0.7598918958175926
616 0.7106504225191079
617 0.7603726079494564
618 0.7163560959891454
619 0.7541805252631123
620 0.7498868294642697
621 0.7444559813455149
622 0.7214210524161055
623 0.7537199399895682
624 0.736539415365603
625 0.7562548221388132
626 0.7582347098556639
627 0.7637054078527998
628 0.7493635232931697
629 0.7483496997309009
630 0.8098379451536569
631 0.7488209512023742
632 0.7869255241603468
633 0.7181951480494124
634 0.8063593485712054
635 0.7630196954996409
636 0.7549579645825735
637 0.7473618628594848
638 0.7290178919387722
639 0.7521722206117845
640 0.7517242402051569
641 0.7705095018285166
642 0.739198472030617
643 0.713075717140952
644 0.727711349443765
645 0.780093299543858
646 0.7197575390004648
647 0.7907208421285208
648 0.7794314995875236
649 0.7121811036968045
650 0.7644049228944024
651 0.7269153341134821
652 0.7659765807446529
653 0.7587843522775876
654 0.7557720673250773
655 0.7502344244724154
656 0.713033938424021
657 0.7305499004871161
658 0.8035208059419048
659 0.7745941826943639
660 0.741891720420043
661 0.7272931556750476
662 0.7705705813321666
663 0.7664924844966373
664 0.7627055875343299
665 0.7490152355986807
666 0.7082851949423459
667 0.7593797279894837
668 0.7124742639884695
669 0.7646758930164598
670 0.7262439120833623
671 0.774481853819256
672 0.7324411645717159
673 0.7734224309378294
674 0.8171088898603996
675 0.7609514102708508
676 nan
677 nan
678 nan
679 nan
680 nan
681 nan
682 nan
683 nan
684 nan
685 nan
686 nan
687 nan
688 nan
689 nan
690 nan
691 nan
692 nan
693 nan
694 nan
695 nan
696 nan
697 nan
698 nan
699 nan
700 nan
701 nan
702 nan
703 nan
704 nan
705 nan
706 nan
707 nan
708 nan
709 nan
710 nan
711 nan
712 nan
713 nan
714 nan
715 nan
716 nan
717 nan
718 nan
719 nan
720 nan
721 nan
722 nan
723 nan
724 nan
725 nan
726 nan
727 nan
728 nan
729 nan
730 nan
731 nan
732 nan
733 nan
734 nan
735 nan
736 nan
737 nan
738 nan
739 nan
740 nan
741 nan
742 nan
743 nan
744 nan
745 nan
746 nan
747 nan
748 nan
749 nan
750 nan
751 nan
752 nan
753 nan
754 nan
755 nan
756 nan
757 nan
758 nan
759 nan
760 nan
761 nan
762 nan
763 nan
764 nan
765 nan
766 nan
767 nan
768 nan
769 nan
770 nan
771 nan
772 nan
773 nan
774 nan
775 nan
776 nan
777 nan
778 nan
779 nan
780 nan
781 nan
782 nan
783 nan
784 nan
785 nan
786 nan
787 nan
788 nan
789 nan
790 nan
791 nan
792 nan
793 nan
794 nan
795 nan
796 nan
797 nan
798 nan
799 nan
800 nan
801 nan
802 nan
803 nan
804 nan
805 nan
806 nan
807 nan
808 nan
809 nan
810 nan
811 nan
812 nan
813 nan
814 nan
815 nan
816 nan
817 nan
818 nan
819 nan
820 nan
821 0.24577976243861482
822 0.33319500304831295
823 0.2763166691467476
824 0.3590115549647089
825 0.22652538772241954
826 0.26079423850420963
827 0.41498732181052406
828 0.6015742118522921
829 0.584503873104389
830 0.6958858193144227
831 0.7202799263400712
832 0.7345012227699556
833 0.708567423358166
834 0.8005329605430689
835 0.7517186305637551
836 0.740650252479055
837 0.7333019037307236
838 0.8046527406604634
839 0.8009295181982646
840 0.7743910045501489
841 0.7802111911856221
842 0.7591227382610701
843 0.7720587372124595
844 0.7686874264469525
845 0.7667642731100578
846 0.7301879833200362
847 0.7854680690326079
848 0.7806176984782142
849 0.7866771616138322
850 0.7566114529243377
851 0.7782512157914937
852 0.6928186818195622
853 0.7493898760327213
854 0.7503867994312148
855 0.788316922773364
856 0.8029099253604676
857 0.7671524779230486
858 0.783659048611175
859 0.7601674650067226
860 0.769496068296764
861 0.761102327238179
862 0.7374502764190746
863 0.8198340397152241
864 0.7500307782003417
865 0.7805808802464353
866 0.7783701661151674
867 0.7750860110170483
868 0.7207056004568413
869 0.7600814897736295
870 0.7155861981168128
871 0.6843453011073546
872 0.7145409710255611
873 0.7747262838297017
874 0.7893111460337777
875 0.7446997690722902
876 0.7332018724723333
877 0.7799860976424187
878 0.8056623218580896
879 0.7479645400195204
880 0.7595476027717446
881 0.7747178207423369
882 0.780157724902074
883 0.7765684649006825
884 0.7652176203636563
885 0.7705560146796061
886 0.6907449435735198
887 0.7514865193683076
888 0.7376446392278014
889 0.746615101492086
890 0.7394900032205999
891 0.7786826840536872
892 0.7492556908672885
893 0.7411083526580773
894 0.7297432090358345
895 0.7383019702990161
896 0.7024025031096238
897 0.7680944449835536
898 0.7599837175956713
899 0.7623978583053904
900 0.7853635960313664
901 0.7261963125283049
902 0.7730536502010084
903 0.759150764101641
904 0.7394128648896696
905 0.7475513226415401
906 0.7012669429400467
907 0.7781560255328177
908 0.7281198980443395
909 0.7674078211285185
910 0.7310669791542619
911 0.7775319748987658
912 0.6915347412610072
913 0.7786384360749142
914 0.7445195918432239
915 0.7103116833568538
916 0.7731986370251626
917 0.740720941216793
918 0.7800001495765002
919 0.7421304414521145
920 0.7458399990354954
921 0.7272815715317739
922 0.7156464582737135
923 0.72224130073344
924 0.7761152437701788
925 0.7832789590379111
926 0.7278218126951392
927 0.7449411047830339
928 0.7799888824927473
929 0.6992699883950376
930 0.7890402735680828
931 0.7740532896008249
932 0.7065300946803266
933 0.7252211082289368
934 0.736581433999855
935 0.6967407456445145
936 0.8070963886223286
937 0.7676415772619225
938 0.7283371469945282
939 0.672447136667488
940 0.8038148155115699
941 0.708194079485516
942 0.7587728367685797
943 0.73254072820127
944 0.7270710218256538
945 0.7547345970727357
946 0.7808501273704374
947 0.7559220014464869
948 0.7993185886863517
949 0.6900334048399801
950 0.7661575010292107
951 0.7020557907625463
952 0.7241976129455922
953 0.7586524473161639
954 0.7605643372200069
955 0.7381422025036288
956 0.7303979896134359
957 0.7647792298595206
958 0.7707088926295986
959 0.7776641862782455
960 0.7318517399877495
961 0.7499224568836321
962 0.7116389487833517
963 0.7737070138733534
964 0.715593560396135
965 0.7363122579179717
966 0.7904370392513722
967 0.7429500417949824
968 0.7174932333064262
969 0.7560274651637551
970 0.7779924665725644
971 0.7203417902997008
972 0.8128793873119726
973 0.7698166819490856
974 0.7895679342110105
975 0.7924645626260463
976 0.7307644003454963
977 0.7895085511994474
978 0.6919382334465038
979 0.7885764597959457
980 0.7530598463982988
981 0.7787168547774084
982 0.7260569240139392
983 0.7799579860300045
984 0.7720213195908449
985 0.7243192801981615
986 0.7308979996865578
987 0.7017437868953692
988 0.7197002497412159
989 0.7426976621900498
990 0.7280481557219738
991 0.7434978244202961
992 0.6870254186613829
993 0.7123492308971198
994 0.71798996066612
995 0.7716852266159515
996 0.7594663761021754
997 0.691452758750269
998 0.7625536752494149
999 0.7506206547984898
1000 0.7544277009074081
1001 0.7554794022774757
1002 0.7728725214515508
1003 0.7569247934543594
1004 0.7838908822847909
1005 0.7511328267116945
1006 0.7105196892890798
1007 0.7671483483716873
1008 0.7040836073459148
1009 0.7091473840095353
1010 0.7046527761582185
1011 0.7594508648150562
1012 0.7532007871890739
1013 0.7703159181943554
1014 0.7050265525978289
1015 0.7528296715263624
1016 0.7141358420109072
1017 0.7489856928605685
1018 0.7176780521734003
1019 0.7476144582524418
1020 0.7398906805239488
1021 0.7335039721999908
1022 0.6763324097806921
1023 0.7541720796418351
1024 0.7603940710811439
1025 0.7641667575649562
1026 0.7692714096913347
1027 0.716704554110124
1028 0.7322974284832943
1029 0.7711942833261154
1030 0.722473292807912
1031 0.7959917938335539
1032 0.6979918562552947
1033 0.719581177807468
1034 0.7621705137043536
1035 0.7154843761452943
1036 0.756006604563715
1037 0.7998723507795967
1038 0.780623930524655
1039 0.7213167978494108
1040 0.7329762840032882
1041 nan
1042 nan
1043 nan
1044 nan
1045 nan
1046 nan
1047 nan
1048 nan
1049 nan
1050 nan
1051 nan
1052 nan
1053 nan
1054 nan
1055 nan
1056 nan
1057 nan
1058 nan
1059 nan
1060 nan
1061 nan
1062 nan
1063 nan
1064 nan
1065 nan
1066 nan
1067 nan
1068 nan
1069 nan
1070 nan
1071 nan
1072 nan
1073 nan
1074 nan
1075 nan
1076 nan
1077 nan
1078 nan
1079 nan
1080 nan
1081 nan
1082 nan
1083 nan
1084 nan
1085 nan
1086 nan
1087 nan
1088 nan
1089 nan
1090 nan
1091 nan
1092 nan
1093 nan
1094 nan
1095 nan
1096 nan
1097 nan
1098 nan
1099 nan
1100 nan
1101 nan
1102 nan
1103 nan
1104 nan
1105 nan
1106 nan
1107 nan
1108 nan
1109 nan
1110 nan
1111 nan
1112 nan
1113 nan
1114 nan
1115 nan
1116 nan
1117 nan
1118 nan
1119 nan
1120 nan
1121 nan
1122 nan
1123 nan
1124 nan
1125 nan
1126 nan
1127 nan
1128 nan
1129 nan
1130 nan
1131 nan
1132 nan
1133 nan
1134 nan
1135 nan
1136 nan
1137 nan
1138 nan
1139 nan
1140 nan
1141 nan
1142 nan
1143 nan
1144 nan
1145 nan
1146 nan
1147 nan
1148 nan
1149 nan
1150 nan
1151 nan
1152 nan
1153 nan
1154 nan
1155 nan
1156 nan
1157 nan
1158 nan
1159 nan
1160 nan
1161 nan
1162 nan
1163 nan
1164 nan
1165 nan
1166 nan
1167 nan
1168 nan
1169 nan
1170 nan
1171 nan
1172 nan
1173 nan
1174 nan
1175 0.29353877947444024
1176 0.29757243284600493
1177 0.24927614587342642
1178 0.21406186859816784
1179 0.17958782520553518
1180 0.3730078550087693
1181 0.47705781367384753
1182 0.6343592382522869
1183 0.6964624672842895
1184 0.6846835271623327
1185 0.7230466417942479
1186 0.7650214510933354
1187 0.7642042499258651
1188 0.759143890539037
1189 0.7803793737462045
1190 0.7515436993524647
1191 0.7424960295300779
1192 0.7655287951447924
1193 0.7359845100323353
1194 0.7553524455008491
1195 0.7699942026772278
1196 0.7344767289130082
1197 0.7708724375237723
1198 0.7344154634343298
1199 0.7557529604459673
1200 0.6764551655341886
1201 0.7737833486420179
1202 0.7143455404724575
1203 0.739436600024535
1204 0.7928327986749699
1205 0.7360364595134699
1206 0.7334111468073257
1207 0.7058189768074583
1208 0.7029204579095439
1209 0.7738125435687723
1210 0.6953206726648521
1211 0.7627340733279834
1212 0.7254070643272088
1213 0.765765902594739
1214 0.7223167876195199
1215 0.7377529923466857
1216 0.7445876686932433
1217 0.7060149938126554
1218 0.7190848121163161
1219 0.6991961871516044
1220 0.7067358524480589
1221 0.7495835262225283
1222 0.7449891169714765
1223 0.6911322869059693
1224 0.6948154927315588
1225 0.7308582748016926
1226 0.7437073742843335
1227 0.7219673283535268
1228 0.7234254765013242
1229 0.7815117574938772
1230 0.7226415931623701
1231 0.7063924282268631
1232 0.708268094403806
1233 0.6963741313071394
1234 0.7459339211939164
1235 0.7478980025791078
1236 0.7082317640669937
1237 0.7048489532893096
1238 0.677756119274221
1239 0.7046836418139905
1240 0.6652404047426976
1241 0.7451857667981
1242 0.6998814236888993
1243 0.741600595502202
1244 0.6874481681679937
1245 0.7870101116408322
1246 0.7638065312232298
1247 0.7266487001439992
1248 0.7110498310626545
1249 0.7477065522864079
1250 0.7397670701270462
1251 0.7501628725709556
1252 0.7013225040836312
1253 0.7172058833919287
1254 0.7076542513806721
1255 0.7408905496658967
1256 0.7263701511642822
1257 0.7233334334433492
1258 0.7070624383840293
1259 0.7233209068574403
1260 0.7332902953406211
1261 0.7502045207889478
1262 0.7754057564948251
1263 0.7354454085333393
1264 0.7783333695511747
1265 0.6995750273216036
1266 0.7320473995777615
1267 0.7630606517450348
1268 0.7130716140437846
1269 0.7162527374727603
1270 0.73572879135846
1271 0.743893061528221
1272 0.7107323965638213
1273 0.7427112242152736
1274 0.7258418970828463
1275 0.735390958809957
1276 0.7514295976431868
1277 0.6899335085957878
1278 0.7837814780021721
1279 0.7744686737750762
1280 0.6982836544267214
1281 0.7540600968552498
1282 0.7476988137946412
1283 0.7566568553153237
1284 0.774691613431794
1285 0.7348269274501437
1286 0.7187913269376425
1287 0.7510776638791472
1288 0.7227191008203451
1289 0.7745054550722037
1290 0.7313561537715032
1291 0.7573381803596051
1292 0.7037923878321438
1293 0.7720896231458209
1294 0.7130944670378996
1295 0.7377848083610409
1296 0.7525745939074722
1297 0.7198735361048406
1298 0.7416940019924997
1299 0.7394355908095352
1300 0.6855670058830249
1301 0.7513461348094793
1302 0.755680436498502
1303 0.7126396165057712
1304 0.7717032850149191
1305 0.759789531423273
1306 0.7585914266543052
1307 0.7361682669653473
1308 0.7434213302267293
1309 0.7372894528024172
1310 0.7722818537386518
1311 0.7539570333208944
1312 0.7222101611922428
1313 0.735306886148032
1314 0.689827135060106
1315 0.7095203708762673
1316 0.7393836959048274
1317 0.6656674685129301
1318 0.7408337915539136
1319 0.732919946290163
1320 0.733396403954775
1321 0.7300356079795792
1322 0.725781900998074
1323 0.7391036057745699
1324 0.757278498749298
1325 0.7523136895047664
1326 0.7773535524471316
1327 0.7286818096792206
1328 0.753438740079741
1329 0.744794574345261
1330 0.7241287995108634
1331 0.710581718555849
1332 0.673833415943836
1333 0.7215643895358225
1334 0.7833646178100825
1335 0.6694466034905487
1336 0.7341535975802997
1337 0.723029521771787
1338 0.7667649709271879
1339 0.7396970904567954
1340 0.7119921601151536
1341 0.6844909086049058
1342 0.7221785484113288
1343 0.6738794408409806
1344 0.7403367621585082
1345 0.7401390394064268
1346 0.7465247983002234
1347 0.7398592042965206
1348 0.7341357525097302
1349 0.7656689953770013
1350 0.7467266073452822
1351 0.7314643651825271
1352 0.7526124226941724
1353 0.762353227611773
1354 0.7679015306282106
1355 0.7384139726774155
1356 0.7195438270344057
1357 0.7334902045524719
1358 0.7294971034808831
1359 0.6518685270498021
1360 0.6932297461213558
1361 0.7419827137686859
1362 0.7555397468043153
1363 0.6849975223472465
1364 0.7253037914723097
1365 0.7443207540166961
1366 0.700543601232503
1367 0.7222749661343117
1368 0.6926773115852402
1369 0.7145365892673977
1370 0.6873007190354308
1371 0.7136452237434396
1372 0.7435960570695821
1373 0.7396857938526818
1374 0.7509957249482581
1375 0.7376367542309946
1376 0.6530448585564856
1377 0.7428293321058429
1378 0.7473158795657879
1379 0.6954653173468626
1380 0.7153738802793947
1381 0.715750084934212
1382 0.7601391701979467
1383 0.715106890351785
1384 0.7574434120710329
1385 0.6759723832692569
1386 0.7331244928913708
1387 0.6400268057670202
1388 0.7282405446997882
1389 0.8133318601908708
1390 0.6986631147958637
1391 0.7161100752382425
1392 0.7732241812238746
1393 0.7171653984493636
1394 0.7323750485627906
1395 0.7479766630330742
1396 0.7068084356888393
1397 0.6978874708318631
1398 0.7346368302059816
1399 0.7400346234465556
1400 0.7395507171138663
1401 0.7252364021900741
1402 0.685238371531678
1403 0.7270305913513079
1404 0.7257651165372604
1405 0.7592435176033656
1406 nan
1407 nan
1408 nan
1409 nan
1410 nan
1411 nan
1412 nan
1413 nan
1414 nan
1415 nan
1416 nan
1417 nan
1418 nan
1419 nan
1420 nan
1421 nan
1422 nan
1423 nan
1424 nan
1425 nan
1426 nan
1427 nan
1428 nan
1429 nan
1430 nan
1431 nan
1432 nan
1433 nan
1434 nan
1435 nan
1436 nan
1437 nan
1438 nan
1439 nan
1440 nan
1441 nan
1442 nan
1443 nan
1444 nan
1445 nan
1446 nan
1447 nan
1448 nan
1449 nan
1450 nan
1451 nan
1452 nan
1453 nan
1454 nan
1455 nan
1456 nan
1457 nan
1458 nan
1459 nan
1460 nan
1461 nan
1462 nan
1463 nan
1464 nan
1465 nan
1466 nan
1467 nan
1468 nan
1469 nan
1470 nan
1471 nan
1472 nan
1473 nan
1474 nan
1475 nan
1476 nan
1477 nan
1478 nan
1479 nan
1480 nan
1481 nan
1482 nan
1483 nan
1484 nan
1485 nan
1486 nan
1487 nan
1488 nan
1489 nan
1490 nan
1491 nan
1492 nan
1493 nan
1494 nan
1495 nan
1496 nan
1497 nan
1498 nan
1499 nan
1500 nan
1501 nan
1502 nan
1503 nan
1504 nan
1505 nan
1506 nan
1507 nan
1508 nan
1509 nan
1510 nan
1511 nan
1512 nan
1513 nan
1514 nan
1515 nan
1516 nan
1517 nan
1518 nan
1519 nan
1520 nan
1521 nan
1522 nan
1523 nan
1524 nan
1525 nan
1526 nan
1527 nan
1528 nan
1529 nan
1530 nan
1531 nan
1532 nan
1533 nan
1534 nan
1535 nan
1536 nan
1537 nan
1538 nan
1539 nan
1540 nan
1541 nan
1542 nan
1543 nan
1544 nan
1545 nan
1546 nan
1547 nan
1548 nan
1549 nan
1550 nan
1551 nan
1552 nan
1553 nan
1554 nan
1555 nan
1556 nan
1557 0.3550414154895633
1558 0.2621042899463023
1559 0.27644365489193923
1560 0.27851339548739523
1561 0.24289794701185943
1562 0.33702018955278024
1563 0.26625935188942695
1564 0.3376801020686072
1565 0.4364006909036539
1566 0.6046876871955036
1567 0.7049787966283639
1568 0.710029730507807
1569 0.7278910913610604
1570 0.7756414597493605
1571 0.7454930071923459
1572 0.7627121934676073
1573 0.7362794505254154
1574 0.7766271263025558
1575 0.7504191772107537
1576 0.7436825445860402
1577 0.7481822130637772
1578 0.790960655547816
1579 0.7963235860765249
1580 0.7485644797528687
1581 0.7633311006154756
1582 0.767427251249876
1583 0.7759704917521094
1584 0.7968420998882988
1585 0.7700456822365044
1586 0.8173769552270308
1587 0.7881837784899113
1588 0.7435542024853581
1589 0.7497508990379892
1590 0.7323878477270055
1591 0.7782684243965142
1592 0.7396096939375673
1593 0.7254852805338566
1594 0.7448271219419996
1595 0.7956838598642347
1596 0.7788854479117123
1597 0.7327908858766915
1598 0.7500143567005002
1599 0.7685246705942592
1600 0.7274766479595269
1601 0.7677798243914481
1602 0.7657449684715107
1603 0.7797964480301198
1604 0.7619681881733669
1605 0.7689441753979076
1606 0.7524888604552087
1607 0.7542873820010502
1608 0.7515612362728601
1609 0.7907313147426714
1610 0.7727945668038156
1611 0.787696774807178
1612 0.7480930438340065
1613 0.7399935472159791
1614 0.7322073900672974
1615 0.7579749899415803
1616 0.7516245091830708
1617 0.7849791683254311
1618 0.7137332384043912
1619 0.7548760040791636
1620 0.7757159781212748
1621 0.7254809490947919
1622 0.713822213650551
1623 0.762577637963252
1624 0.767392198070788
1625 0.7619439108521032
1626 0.738131234436021
1627 0.7613704752617076
1628 0.7453527977689655
1629 0.7256798142986558
1630 0.708561996094509
1631 0.7795552853997372
1632 0.7773417063424776
1633 0.7677224447156755
1634 0.7594546212532616
1635 0.7066648296184088
1636 0.7631316825837274
1637 0.7559442797655131
1638 0.7882967122241714
1639 0.7617779002270822
1640 0.7155124199063955
1641 0.775626293306461
1642 0.7733537671221102
1643 0.70460838798016
1644 0.7506632123881454
1645 0.7817105522729209
1646 0.7806348109264424
1647 0.7199346018421332
1648 0.7430425226514569
1649 0.7644821158548922
1650 0.7523664824558174
1651 0.7404113441196442
1652 0.7938537054615835
1653 0.8059768647024305
1654 0.769874192941052
1655 0.754908509842178
1656 0.7063494642832248
1657 0.7756048482000484
1658 0.7741802041772246
1659 0.7530194323223881
1660 0.7846942299133572
1661 0.7842338999988929
1662 0.7699550507781076
1663 0.7681786741682528
1664 0.77858692552144
1665 0.6979953030643616
1666 0.7670839233078336
1667 0.7826912746148036
1668 0.7417956970604856
1669 0.7430551437936463
1670 0.7529946835787353
1671 0.7546672952559406
1672 0.7853657540685853
1673 0.7757017444935097
1674 0.7583545636550217
1675 0.771923811368956
1676 0.7880348928035347
1677 0.7916142507994477
1678 0.7142713202437083
1679 0.7745596927723691
1680 0.7583692595962831
1681 0.7690812494140956
1682 0.7981092998582058
1683 0.7862715434983749
1684 0.760722463598043
1685 0.7796285412002083
1686 0.771300373120501
1687 0.8159887580831655
1688 0.7653414036506884
1689 0.7279211627871731
1690 0.7481828665853982
1691 0.7091722095598428
1692 0.7581793128755379
1693 0.7568732802724549
1694 0.7969911566285377
1695 0.7628689107785119
1696 0.7647358057210106
1697 0.7638669797917257
1698 0.7451484783857618
1699 0.7404984053752618
1700 0.7726041291965554
1701 0.7745268342311333
1702 0.7699499864151201
1703 0.7331437937779897
1704 0.7655253123124646
1705 0.7677829514521526
1706 0.7940625635539192
1707 0.7810664757925473
1708 0.7598967485299647
1709 0.7368163489062131
1710 0.77879625744216
1711 0.7507821945420078
1712 0.7918505367599439
1713 0.7392009350619062
1714 0.7341884728895894
1715 0.7599745768605871
1716 0.772703244858919
1717 0.7589114880875593
1718 0.8114718899747573
1719 0.7215711813959395
1720 0.7961152222817718
1721 0.7283358002050034
1722 0.7277254704361554
1723 0.7975430501395806
1724 0.7752330834538084
1725 0.7158937143582955
1726 0.7194517528613766
1727 0.770497456660828
1728 0.7978035659867678
1729 0.7316778890266329
1730 0.7396772629073922
1731 0.7920806435071763
1732 0.7036624926358747
1733 0.7700693965569273
1734 0.7827756173679504
1735 0.772649830752801
1736 0.7200814025572935
1737 0.7870845910776605
1738 0.7687479591055675
1739 0.8106139283567146
1740 0.7605917930068353
1741 0.7798223628369998
1742 0.7538166025347827
1743 0.713697098716566
1744 0.7674852104696216
1745 0.7127385311974642
1746 0.7033046284608183
1747 0.760356702256708
1748 0.7652451975912495
1749 0.765236314246506
1750 0.8140842252791481
1751 0.7469797220991288
1752 0.7179609219727517
1753 0.7475568662054175
1754 0.7454696257465158
1755 0.7858918957124557
1756 0.7518766245625865
1757 0.7360334005657191
1758 0.7411291868478708
1759 0.6947045778695047
1760 0.7335059543745758
1761 0.7482851661332435
1762 0.7816115563684103
1763 0.7758724601780825
1764 0.7937584817347666
1765 0.7994992355552292
1766 0.7730987029415333
1767 0.7658745288049754
1768 0.7720617268646166
1769 0.772410055647196
1770 0.8192405685208003
1771 nan
1772 nan
1773 nan
1774 nan
1775 nan
1776 nan
1777 nan
1778 nan
1779 nan
1780 nan
1781 nan
1782 nan
1783 nan
1784 nan
1785 nan
1786 nan
1787 nan
1788 nan
1789 nan
1790 nan
1791 nan
1792 nan
1793 nan
1794 nan
1795 nan
1796 nan
1797 nan
1798 nan
1799 nan
1800 nan
1801 nan
1802 nan
1803 nan
1804 nan
1805 nan
1806 nan
1807 nan
1808 nan
1809 nan
1810 nan
1811 nan
1812 nan
1813 nan
1814 nan
1815 nan
1816 nan
1817 nan
1818 nan
1819 nan
1820 nan
1821 nan
1822 nan
1823 nan
1824 nan
1825 nan
1826 nan
1827 nan
1828 nan
1829 nan
1830 nan
1831 nan
1832 nan
1833 nan
1834 nan
1835 nan
1836 nan
1837 nan
1838 nan
1839 nan
1840 nan
1841 nan
1842 nan
1843 nan
1844 nan
1845 nan
1846 nan
1847 nan
1848 nan
1849 nan
1850 nan
1851 nan
1852 nan
1853 nan
1854 nan
1855 nan
1856 nan
1857 nan
1858 nan
1859 nan
1860 nan
1861 nan
1862 nan
1863 nan
1864 nan
1865 nan
1866 nan
1867 nan
1868 nan
1869 nan
1870 nan
1871 nan
1872 nan
1873 nan
1874 nan
1875 nan
1876 nan
1877 nan
1878 nan
1879 nan
1880 nan
1881 nan
1882 nan
1883 nan
1884 nan
1885 nan
1886 nan
1887 nan
1888 nan
1889 nan
1890 nan
1891 nan
1892 nan
1893 nan
1894 nan
1895 nan
1896 nan
1897 nan
1898 nan
1899 nan
1900 nan
1901 nan
1902 nan
1903 nan
1904 nan
1905 nan
1906 nan
1907 nan
1908 nan
1909 nan
1910 nan
1911 nan
1912 nan
1913 0.12525392749044892
1914 0.15928867654041304
1915 0.31028997794601193
1916 0.2814557450197427
1917 0.35320810245180145
1918 0.44223116884836655
1919 0.39978766656755865
1920 0.3017625474793813
1921 0.44968064428453003
1922 0.5659040583972338
1923 0.62388798002078
1924 0.648461740786336
1925 0.6576767470277082
1926 0.7091403809849612
1927 0.7263298884812732
1928 0.7713322262961199
1929 0.7629448433260094
1930 0.7688256414068659
1931 0.7473063360327288
1932 0.7688321760969518
1933 0.7904233964499952
1934 0.7618084574736476
1935 0.745982885882042
1936 0.7042428270838943
1937 0.7143850375385901
1938 0.7801676831954023
1939 0.7259255197228593
1940 0.7386684076932517
1941 0.711368339491166
1942 0.8010635209947877
1943 0.7283399792469958
1944 0.7256948669049147
1945 0.7612611205475354
1946 0.727210515451956
1947 0.7748854223899306
1948 0.7554672433255288
1949 0.7307467026091102
1950 0.7823540274106755
1951 0.7307816202113705
1952 0.7712439407266202
1953 0.7379959821012352
1954 0.7929076047411725
1955 0.7601964129568927
1956 0.745944693247702
1957 0.7380282027330027
1958 0.8086203325654933
1959 0.6990851981761457
1960 0.7426003889261783
1961 0.7263332481418582
1962 0.6954414864637363
1963 0.7333230286120951
1964 0.72776268228447
1965 0.7512751120218509
1966 0.7210518498266567
1967 0.811113110673813
1968 0.7155628389492007
1969 0.7265724195102004
1970 0.8231811943739317
1971 0.7606792072954222
1972 0.7057611140834125
1973 0.7735933547894459
1974 0.7366072713713118
1975 0.7510619860753609
1976 0.680155515656761
1977 0.7838677088010426
1978 0.7637615739961966
1979 0.7619207714754217
1980 0.7274504274038551
1981 0.7512007064758448
1982 0.7424683034250741
1983 0.7356642451872136
1984 0.7274448229928383
1985 0.7086837964449382
1986 0.7542367175390192
1987 0.7561674400564568
1988 0.7186190972048117
1989 0.7226950935098979
1990 0.7767650130964924
1991 0.726092823152958
1992 0.7110220249261433
1993 0.748418460244472
1994 0.777345818446792
1995 0.7553473193381908
1996 0.7792155621591621
1997 0.7442386068987752
1998 0.7522060617482983
1999 0.7588130709578713
2000 0.7406119865639191
2001 0.7278316197131203
2002 0.751520988761237
2003 0.6929760832560593
2004 0.6767340345321131
2005 0.797512608535268
2006 0.7697069740924299
2007 0.7421000259800197
2008 0.7289357754436957
2009 0.7474369472720339
2010 0.7462324219261925
2011 0.7315787779247975
2012 0.7262196020184079
2013 0.7542513976077687
2014 0.6560686302738249
2015 0.797323898648437
2016 0.7439480150196638
2017 0.7404997792313508
2018 0.7700979684752739
2019 0.7612835911427747
2020 0.7290526314283409
2021 0.7297858981965266
2022 0.7326540628395986
2023 0.8340720997356806
2024 0.7549246210278099
2025 0.7305098712482214
2026 0.7988799532787886
2027 0.763542589155059
2028 0.7896062657254614
2029 0.677251425946561
2030 0.7345128202780725
2031 0.7300446427336951
2032 0.7649914449924619
2033 0.7477589972007517
2034 0.7559351807219301
2035 0.7616904954266513
2036 0.8113031484359626
2037 0.783025145059531
2038 0.7406970620970922
2039 0.7497693035778041
2040 0.7836755942633312
2041 0.7710788028800492
2042 0.7247588970925022
2043 0.7214439898693454
2044 0.739768188269044
2045 0.7057295657787666
2046 0.7510101948335047
2047 0.797089327467545
2048 0.7725893630422117
2049 0.7336495847154321
2050 0.8041382473817046
2051 0.7377494682172617
2052 0.7686274317956698
2053 0.7297495215457948
2054 0.7278089259958492
2055 0.6714512689884142
2056 0.753702489884246
2057 0.764601378960011
2058 0.770465154167985
2059 0.7172092416924608
2060 0.7500133954378069
2061 0.7684536123592691
2062 0.7780252071168798
2063 0.8199009172657362
2064 0.7527293331740842
2065 0.7643694315245667
2066 0.7534773456985789
2067 0.7070985723309084
2068 0.7412916974425837
2069 0.7195989393582809
2070 0.7876108225924927
2071 0.7308227959771675
2072 0.7722846156657622
2073 0.7540976020338839
2074 0.7589485054222505
2075 0.7994844961259828
2076 0.7378425262888624
2077 0.7406109179150718
2078 0.7140524320127843
2079 0.7585407253156327
2080 0.7576090080461603
2081 0.6840625990893333
2082 0.7286528861547125
2083 0.7743759992402734
2084 0.7586908620650376
2085 0.7113382029185901
2086 0.784751096926521
2087 0.7441295385204247
2088 0.7626248390497384
2089 0.7711996297238856
2090 0.7092126837671211
2091 0.7244285428938851
2092 0.7727920838906527
2093 0.7592177494039428
2094 0.757004670794283
2095 0.7167548256038893
2096 0.7478608868681696
2097 0.7514542202720124
2098 0.7052055402323396
2099 0.7016090560259393
2100 0.7973351152680896
2101 0.6828349165446145
2102 0.7959020292643482
2103 0.7474610273054483
2104 0.742120953691941
2105 0.774549488300288
2106 0.7430437020585574
2107 0.7985971783566533
2108 0.7321951268952022
2109 0.7716420263413257
2110 0.7435974901938939
2111 0.7852541626960367
2112 0.8058341917472313
2113 0.7697750060647854
2114 0.7688750107736946
2115 0.7340624618936454
2116 0.7497189187142945
2117 0.7752298292060569
2118 0.7662029298108084
2119 0.7730240549012553
2120 0.8208009059031234
2121 0.6911425396687058
2122 0.7394097336406366
2123 0.7821412372370674
2124 0.7539226876584753
2125 0.7024332998069628
2126 0.7218343197888152
2127 0.7499010877308402
2128 0.6784809630134374
2129 0.7690999416606209
2130 0.7640940624250769
2131 0.7855512964727045
2132 0.7375257799199525
2133 0.7274858121839234
2134 0.7509067749475589
2135 0.7666627018041288
2136 nan
2137 nan
2138 nan
2139 nan
2140 nan
2141 nan
2142 nan
2143 nan
2144 nan
2145 nan
2146 nan
2147 nan
2148 nan
2149 nan
2150 nan
2151 nan
2152 nan
2153 nan
2154 nan
2155 nan
2156 nan
2157 nan
2158 nan
2159 nan
2160 nan
2161 nan
2162 nan
2163 nan
2164 nan
2165 nan
2166 nan
2167 nan
2168 nan
2169 nan
2170 nan
2171 nan
2172 nan
2173 nan
2174 nan
2175 nan
2176 nan
2177 nan
2178 nan
2179 nan
2180 nan
2181 nan
2182 nan
2183 nan
2184 nan
2185 nan
2186 nan
2187 nan
2188 nan
2189 nan
2190 nan
2191 nan
2192 nan
2193 nan
2194 nan
2195 nan
2196 nan
2197 nan
2198 nan
2199 nan
2200 nan
2201 nan
2202 nan
2203 nan
2204 nan
2205 nan
2206 nan
2207 nan
2208 nan
2209 nan
2210 nan
2211 nan
2212 nan
2213 nan
2214 nan
2215 nan
2216 nan
2217 nan
2218 nan
2219 nan
2220 nan
2221 nan
2222 nan
2223 nan
2224 nan
2225 nan
2226 nan
2227 nan
2228 nan
2229 nan
2230 nan
2231 nan
2232 nan
2233 nan
2234 nan
2235 nan
2236 nan
2237 nan
2238 nan
2239 nan
2240 nan
2241 nan
2242 nan
2243 nan
2244 nan
2245 nan
2246 nan
2247 nan
2248 nan
2249 nan
2250 nan
2251 nan
2252 nan
2253 nan
2254 nan
2255 nan
2256 nan
2257 nan
2258 nan
2259 nan
2260 nan
2261 nan
2262 nan
2263 nan
2264 nan
2265 nan
2266 nan
2267 nan
2268 nan
2269 nan
2270 nan
2271 nan
2272 nan
2273 0.29173981587779924
2274 0.3446646515546822
2275 0.14322594548973244
2276 0.2577807154880343
2277 0.3901262156952991
2278 0.43993144697054254
2279 0.5789850238958669
2280 0.7162855161333429
2281 0.7612024466335647
2282 0.7403503690987864
2283 0.7242369546465359
2284 0.714980598365637
2285 0.7981510325398654
2286 0.7505358382034436
2287 0.757489854100197
2288 0.7674741301356739
2289 0.7601144381786008
2290 0.7610970663407086
2291 0.7529792711171164
2292 0.7570375565746412
2293 0.7473533241297188
2294 0.7791959425113936
2295 0.7847290174015162
2296 0.7669188406259779
2297 0.7022058636037365
2298 0.7229609165869804
2299 0.7608834589824293
2300 0.782910508426321
2301 0.7251815665578655
2302 0.7586027693204319
2303 0.7441865761510532
2304 0.7732130311839028
2305 0.7404688432931005
2306 0.7673481762801002
2307 0.7197570833399487
2308 0.7249457053064846
2309 0.7347191984811073
2310 0.7570731770804422
2311 0.7595006640001534
2312 0.7240257224995746
2313 0.7279860239473158
2314 0.7624602600821085
2315 0.7589830624480348
2316 0.7069454687154512
2317 0.7833684207639345
2318 0.7567684191743548
2319 0.7220327876251555
2320 0.689680290987394
2321 0.7505436448014652
2322 0.7239173259036362
2323 0.7333318394836362
2324 0.7630165779965947
2325 0.7129409217435584
2326 0.760803832175077
2327 0.74728402483759
2328 0.7856517309722486
2329 0.7150018340092049
2330 0.79243180101141
2331 0.7636794239517937
2332 0.7530582749099206
2333 0.7541914823001661
2334 0.7155688278710078
2335 0.7895289398000805
2336 0.755500582538016
2337 0.7436288099799806
2338 0.7016476181468172
2339 0.7691423734449845
2340 0.7163206773101298
2341 0.7807842887306689
2342 0.744024202954566
2343 0.715353408512502
2344 0.7500289921821832
2345 0.7436972752312884
2346 0.7298204224181724
2347 0.7134325617748719
2348 0.7578639552857213
2349 0.7639306271333149
2350 0.7351574220096886
2351 0.7453742914983553
2352 0.7488016710409875
2353 0.7039824450357633
2354 0.7327177995479266
2355 0.7463712064815458
2356 0.759648583287186
2357 0.7025541780780654
2358 0.7807070948120128
2359 0.7121297472447797
2360 0.7700361536166667
2361 0.7403768564935217
2362 0.7683949245532794
2363 0.7377275634019
2364 0.7505401044694486
2365 0.7610889004695252
2366 0.7060067874881691
2367 0.7613011520333982
2368 0.7604043499848773
2369 0.7242003086433932
2370 0.7460018215003196
2371 0.7107909988369728
2372 0.708820591709811
2373 0.7347871436009026
2374 0.7440917320202896
2375 0.79358087098641
2376 0.7582461776229528
2377 0.7163484424694821
2378 0.760418847336026
2379 0.7179863327251383
2380 0.7335368557846942
2381 0.7128013153485009
2382 0.7393706628449637
2383 0.7449715111687761
2384 0.7689685867418619
2385 0.7530143906693268
2386 0.7318271124157807
2387 0.7253473200329659
2388 0.7253812324181691
2389 0.7454550537771573
2390 0.7375372182145867
2391 0.7659819474285458
2392 0.7656177430241081
2393 0.7600783236835142
2394 0.7489007470823794
2395 0.7412755777422814
2396 0.7093634026570671
2397 0.7523171613638758
2398 0.7525688909258346
2399 0.74958098416018
2400 0.7399493082820778
2401 0.7892217626829838
2402 0.7722759667643729
2403 0.7637768000938446
2404 0.752494554696761
2405 0.7615211975246372
2406 0.7423521231753037
2407 0.6963604218145933
2408 0.7467322430409006
2409 0.6837783997152553
2410 0.7042577434808832
2411 0.7428690949671939
2412 0.77548901939401
2413 0.7510072549217569
2414 0.7261117324490056
2415 0.7233539227280305
2416 0.7261698547447492
2417 0.7552624569457276
2418 0.758130402407972
2419 0.7170807178736924
2420 0.7813923794555739
2421 0.7512183337313575
2422 0.7542335699571817
2423 0.7224967197538097
2424 0.7165023272970185
2425 0.7702657118821525
2426 0.7040221201614004
2427 0.7663551677724605
2428 0.7305194474151273
2429 0.7368654693290778
2430 0.7648088363579988
2431 0.7243696536055501
2432 0.7918845356230237
2433 0.7172711459445089
2434 0.7529890998387614
2435 0.785417953814741
2436 0.7566196737112055
2437 0.7455076653217202
2438 0.737713893298698
2439 0.6981044847083895
2440 0.7784837664646278
2441 0.7526506929499427
2442 0.74763029539864
2443 0.7315986073422962
2444 0.7751145064867303
2445 0.7308936213674749
2446 0.7481935794295902
2447 0.7458368084769015
2448 0.7782743009014877
2449 0.7082953282464285
2450 0.7861554724500681
2451 0.8005665248868967
2452 0.7604471851820391
2453 0.7142870331981834
2454 0.7518909344850144
2455 0.7038088515316083
2456 0.7228257152038958
2457 0.7703766023076856
2458 0.7918147805533347
2459 0.7834849114105951
2460 0.7270534556835213
2461 0.7402931071316448
2462 0.7454806990370344
2463 0.7484804425720666
2464 0.7679192133849567
2465 0.708504354753849
2466 0.7439692983743709
2467 0.7426928875419907
2468 0.7458616401931694
2469 0.7244387018794556
2470 0.7381531982002726
2471 0.7578837566005519
2472 0.7676402763081187
2473 0.7594006857067941
2474 0.7026466040561121
2475 0.7267682961668723
2476 0.7619602408518563
2477 0.7092877354292163
2478 0.7693956069338729
2479 0.7378902529685731
2480 0.7241830421412223
2481 0.7606969350965143
2482 0.8000364309026655
2483 0.6867412169025211
2484 0.6945682204826183
2485 0.7129514448513157
2486 0.7701086570533118
2487 0.7333152558153635
2488 0.7050632011596691
2489 0.7110827869742009
2490 0.745981527270634
2491 0.7499342385252686
2492 0.7706949809369258
2493 0.7657887968400277
2494 0.7648559798662149
2495 0.7471560459541853
2496 0.7365545091425691
2497 0.8033984188538872
2498 0.7471388474590775
2499 0.7429782698010187
2500 0.779077604418154
2501 nan
2502 nan
2503 nan
2504 nan
2505 nan
2506 nan
2507 nan
2508 nan
2509 nan
2510 nan
2511 nan
2512 nan
2513 nan
2514 nan
2515 nan
2516 nan
2517 nan
2518 nan
2519 nan
2520 nan
2521 nan
2522 nan
2523 nan
2524 nan
2525 nan
2526 nan
2527 nan
2528 nan
2529 nan
2530 nan
2531 nan
2532 nan
2533 nan
2534 nan
2535 nan
2536 nan
2537 nan
2538 nan
2539 nan
2540 nan
2541 nan
2542 nan
2543 nan
2544 nan
2545 nan
2546 nan
2547 nan
2548 nan
2549 nan
2550 nan
2551 nan
2552 nan
2553 nan
2554 nan
2555 nan
2556 nan
2557 nan
2558 nan
2559 nan
2560 nan
2561 nan
2562 nan
2563 nan
2564 nan
2565 nan
2566 nan
2567 nan
2568 nan
2569 nan
2570 nan
2571 nan
2572 nan
2573 nan
2574 nan
2575 nan
2576 nan
2577 nan
2578 nan
2579 nan
2580 nan
2581 nan
2582 nan
2583 nan
2584 nan
2585 nan
2586 nan
2587 nan
2588 nan
2589 nan
2590 nan
2591 nan
2592 nan
2593 nan
2594 nan
2595 nan
2596 nan
2597 nan
2598 nan
2599 nan
2600 nan
2601 nan
2602 nan
2603 nan
2604 nan
2605 nan
2606 nan
2607 nan
2608 nan
2609 nan
2610 nan
2611 nan
2612 nan
2613 nan
2614 nan
2615 nan
2616 nan
2617 nan
2618 nan
2619 nan
2620 nan
2621 nan
2622 nan
2623 nan
2624 nan
2625 nan
2626 nan
2627 nan
2628 nan
2629 nan
2630 nan
2631 nan
2632 nan
2633 nan
2634 nan
2635 nan
2636 nan
2637 nan
2638 nan
2639 nan
2640 nan
2641 nan
2642 nan
2643 nan
2644 nan
2645 nan
2646 0.26945403358078046
2647 0.28257590180109965
2648 0.19076274158278522
2649 0.3758613790949106
2650 0.3143422484658311
2651 0.25903638821080366
2652 0.3830325288485505
2653 0.3959737107659315
2654 0.4677050331301929
2655 0.653825147666836
2656 0.6474729033401189
2657 0.6800827245126051
2658 0.754666591319566
2659 0.7298166369606672
2660 0.8021827187465275
2661 0.7885381415494855
2662 0.7763324913141472
2663 0.7274401191291179
2664 0.746800957758089
2665 0.7629426694409822
2666 0.780550549460624
2667 0.777087941448694
2668 0.7706410567139128
2669 0.7699878897539225
2670 0.7689977926783772
2671 0.7781216389121705
2672 0.7926118912524862
2673 0.7295110469274642
2674 0.7835505619714475
2675 0.7693107653986637
2676 0.7346031408367104
2677 0.7648914024657133
2678 0.8000345200272861
2679 0.7108569844614475
2680 0.7297838901874606
2681 0.7361556231564232
2682 0.7827802915352283
2683 0.7148573205584614
2684 0.727984211861799
2685 0.7700053458577372
2686 0.772089892528143
2687 0.792246165323123
2688 0.7938313952685156
2689 0.7741461494066566
2690 0.7332318226881307
2691 0.7470670835042775
2692 0.740625699622379
2693 0.804909502708366
2694 0.7809011982075573
2695 0.7352414518850597
2696 0.7321177879338365
2697 0.7178265930824086
2698 0.7682377661658389
2699 0.7615902780632064
2700 0.7711950594308428
2701 0.7348348469288274
2702 0.8018603607162816
2703 0.686343917942478
2704 0.7649248268849813
2705 0.7372216549490385
2706 0.7112987376377709
2707 0.731111701020421
2708 0.7613547145660323
2709 0.7657981104088911
2710 0.79504375204442
2711 0.7518214065633425
2712 0.7358134279404768
2713 0.7865834579235161
2714 0.7761823771735945
2715 0.7609987683204483
2716 0.7892878694942983
2717 0.7311278946845677
2718 0.7305233952343518
2719 0.72255862506448
2720 0.7701810113882522
2721 0.7657292060317619
2722 0.7274609184572185
2723 0.7678096672523073
2724 0.7507360745512027
2725 0.7184787230086743
2726 0.7424168280297726
2727 0.7406511647642345
2728 0.7259352990121287
2729 0.7617226719023649
2730 0.7416451570894713
2731 0.8012316151671539
2732 0.7934234702024197
2733 0.7856309598548074
2734 0.7233760188159764
2735 0.7419513702898446
2736 0.7676748727777015
2737 0.7378210993302732
2738 0.7047911417274518
2739 0.7742917520027862
2740 0.7278367284776252
2741 0.7959305851649491
2742 0.7455332428619997
2743 0.7470962825917662
2744 0.7630134447063601
2745 0.731409452720214
2746 0.6997535054153969
2747 0.7224197747674217
2748 0.7194044568852553
2749 0.7753487897840258
2750 0.7156977419503875
2751 0.7176108080131588
2752 0.7521094961652344
2753 0.7842613510380384
2754 0.7496922932188249
2755 0.7617226139245055
2756 0.7457123616295662
2757 0.7741651420494567
2758 0.7213410410096028
2759 0.7223481561331834
2760 0.7218358969063864
2761 0.7762191854758944
2762 0.7707525246730134
2763 0.6818346493970876
2764 0.7463313106971858
2765 0.7235448801866948
2766 0.7859902743406214
2767 0.7303197910037867
2768 0.6864867925709502
2769 0.7971710991519805
2770 0.7849492055049835
2771 0.7678258540957349
2772 0.7785622308441094
2773 0.7328838082310871
2774 0.7653264827808887
2775 0.7158068648357587
2776 0.7076645884893512
2777 0.7339700063792463
2778 0.7766800884366462
2779 0.7312144871539679
2780 0.7396235935151072
2781 0.7362236960001111
2782 0.7306037642399364
2783 0.7526886336103591
2784 0.6990988462980913
2785 0.788214484087206
2786 0.7767016019407769
2787 0.7530373085152894
2788 0.7443285497041225
2789 0.7944920779720095
2790 0.750250538428242
2791 0.7529917353461641
2792 0.766770465013354
2793 0.7244178085405631
2794 0.7600452835009986
2795 0.7670742089462409
2796 0.7241260186111191
2797 0.7278384473853325
2798 0.757348697687598
2799 0.7232966029658351
2800 0.7364925079560882
2801 0.7940742783842555
2802 0.7348122771216332
2803 0.7894392188852922
2804 0.7166015154452825
2805 0.7503679984651214
2806 0.7806566046863763
2807 0.7191413693328972
2808 0.7269229176818511
2809 0.7840185589197362
2810 0.7354906574487102
2811 0.754375062136077
2812 0.7636632442731202
2813 0.7503804175788252
2814 0.7465251280273796
2815 0.7451253438311379
2816 0.7472223923880431
2817 0.7502098410750161
2818 0.7404606966866046
2819 0.7675350897750971
2820 0.7522267597188957
2821 0.7425402588976076
2822 0.7533699813183867
2823 0.7123807359804626
2824 0.7350926166512664
2825 0.7389837662364765
2826 0.732106575554549
2827 0.665699460477393
2828 0.7343125044267602
2829 0.7547321654810333
2830 0.7592578173912523
2831 0.7508229451976782
2832 0.7664329979914043
2833 0.7595021009627326
2834 0.6934105032194205
2835 0.6989130416760877
2836 0.7304195879631161
2837 0.7393989497497011
2838 0.7452849583047324
2839 0.7018378923747935
2840 0.7216990284608131
2841 0.746581529171928
2842 0.7298118690173493
2843 0.7969131031671868
2844 0.7313421444170413
2845 0.7826807518650364
2846 0.7071345768939439
2847 0.7844008886394108
2848 0.7503571376256228
2849 0.774243169214392
2850 0.7679472621195154
2851 0.7475860532283715
2852 0.7258453368878335
2853 0.7328593096494069
2854 0.7332741714075792
2855 0.7655495101193787
2856 0.7716550335826475
2857 0.7779924426539846
2858 0.7699053850380345
2859 0.7190430478422908
2860 0.7575814659030323
2861 0.7702087706434249
2862 0.7581370233183321
2863 0.7538890759053473
2864 0.7540364549404784
2865 0.8000452995117204
2866 nan
2867 nan
2868 nan
2869 nan
2870 nan
2871 nan
2872 nan
2873 nan
2874 nan
2875 nan
2876 nan
2877 nan
2878 nan
2879 nan
2880 nan
2881 nan
2882 nan
2883 nan
2884 nan
2885 nan
2886 nan
2887 nan
2888 nan
2889 nan
2890 nan
2891 nan
2892 nan
2893 nan
2894 nan
2895 nan
2896 nan
2897 nan
2898 nan
2899 nan
2900 nan
2901 nan
2902 nan
2903 nan
2904 nan
2905 nan
2906 nan
2907 nan
2908 nan
2909 nan
2910 nan
2911 nan
2912 nan
2913 nan
2914 nan
2915 nan
2916 nan
2917 nan
2918 nan
2919 nan
2920 nan
2921 nan
2922 nan
2923 nan
2924 nan
2925 nan
2926 nan
2927 nan
2928 nan
2929 nan
2930 nan
2931 nan
2932 nan
2933 nan
2934 nan
2935 nan
2936 nan
2937 nan
2938 nan
2939 nan
2940 nan
2941 nan
2942 nan
2943 nan
2944 nan
2945 nan
2946 nan
2947 nan
2948 nan
2949 nan
2950 nan
2951 nan
2952 nan
2953 nan
2954 nan
2955 nan
2956 nan
2957 nan
2958 nan
2959 nan
2960 nan
2961 nan
2962 nan
2963 nan
2964 nan
2965 nan
2966 nan
2967 nan
2968 nan
2969 nan
2970 nan
2971 nan
2972 nan
2973 nan
2974 nan
2975 nan
2976 nan
2977 nan
2978 nan
2979 nan
2980 nan
2981 nan
2982 nan
2983 nan
2984 nan
2985 nan
2986 nan
2987 nan
2988 nan
2989 nan
2990 nan
2991 nan
2992 nan
2993 nan
2994 nan
2995 nan
2996 nan
2997 nan
2998 nan
2999 nan
3000 nan
3001 nan
3002 nan
3003 nan
3004 nan
3005 nan
3006 0.20393186073056183
3007 0.2790934096616369
3008 0.3147791033146139
3009 0.19405021291226804
3010 0.17018879974168394
3011 0.277808561726514
3012 0.30361223460428943
3013 0.23601447871380174
3014 0.4675928739270458
3015 0.5717724526973617
3016 0.6774676842069366
3017 0.7238152270185236
3018 0.7198628568868831
3019 0.7565545774136256
3020 0.7366416994675555
3021 0.7920244604260653
3022 0.7657042081288971
3023 0.8091760489368627
3024 0.8047249968379405
3025 0.6927731467759732
3026 0.7530505095245791
3027 0.7956661068278101
3028 0.7485693176243515
3029 0.7351041721441058
3030 0.8015641004771997
3031 0.743742973281138
3032 0.8133513202493865
3033 0.727243969938218
3034 0.771917326205062
3035 0.7432845333729086
3036 0.8005741884294928
3037 0.7659520857189199
3038 0.7702072544361599
3039 0.7986947572475698
3040 0.7362529093404264
3041 0.8036645803020497
3042 0.7997945417327953
3043 0.7570347597728563
3044 0.7828540746894675
3045 0.7866363527590916
3046 0.767251115567078
3047 0.7649935518340382
3048 0.773699653243744
3049 0.7497747014588071
3050 0.7394534939972811
3051 0.8093879070532392
3052 0.7506413522481767
3053 0.7625722206901979
3054 0.7769397583933807
3055 0.7537755232549731
3056 0.7395260166730483
3057 0.7812826359821792
3058 0.7850839238411932
3059 0.7544088351086298
3060 0.7663577640307276
3061 0.7698867630684855
3062 0.7737294207918642
3063 0.7843645513876651
3064 0.743951841876241
3065 0.7777462041553049
3066 0.7495737299315688
3067 0.757609601773738
3068 0.7659012260326145
3069 0.7860450572991813
3070 0.7008145284551323
3071 0.7825285628987483
3072 0.7701307445120634
3073 0.7806228262583337
3074 0.781697504035678
3075 0.797997665419223
3076 0.7443964637182485
3077 0.7531188097787997
3078 0.782583330796193
3079 0.7887508440935795
3080 0.7903174281444688
3081 0.754177891617806
3082 0.7741119238775817
3083 0.8128343281001298
3084 0.7688055055737587
3085 0.7393053925208719
3086 0.7872788685880374
3087 0.7387767131001441
3088 0.7399065478882462
3089 0.7299519896025971
3090 0.8218990764140556
3091 0.7764956630962601
3092 0.8181078388627838
3093 0.7856279300430333
3094 0.7443545258194628
3095 0.7658391146749474
3096 0.7522759864490715
3097 0.7914676200352868
3098 0.7710464094886049
3099 0.7459988084939158
3100 0.7756914070553768
3101 0.7514832055444748
3102 0.7411619255908802
3103 0.7127650250575271
3104 0.7662443458487326
3105 0.7191783105780656
3106 0.7732834810310366
3107 0.7719293324387698
3108 0.7976475141329232
3109 0.7924987079724929
3110 0.7757308790142344
3111 0.8039957117053712
3112 0.7826096009743315
3113 0.8027432323037335
3114 0.800662463225329
3115 0.7698892448366174
3116 0.7684386488811042
3117 0.7689887889908757
3118 0.7378490885402756
3119 0.7817948719883148
3120 0.7406910057896128
3121 0.7716165109489649
3122 0.8089744000053368
3123 0.7601582971166685
3124 0.7469389401649503
3125 0.7725931422944062
3126 0.7644342700657446
3127 0.7710761873805274
3128 0.7668169837530114
3129 0.7302109614462076
3130 0.7600136166881319
3131 0.7524625114916903
3132 0.7387891547331668
3133 0.7985104731300737
3134 0.8238683292233614
3135 0.7670970222933905
3136 0.7565765650963067
3137 0.7495998030122647
3138 0.7513432132816644
3139 0.7609923040346085
3140 0.7587310148342286
3141 0.7850876325291753
3142 0.7862680697649561
3143 0.7543218348168564
3144 0.7440548727185482
3145 0.7256081614026813
3146 0.7267668813651537
3147 0.7400328356166492
3148 0.7382984400093554
3149 0.7862718779526593
3150 0.6966599659109307
3151 0.7669946923006865
3152 0.7798614130771752
3153 0.7647463039773539
3154 0.7385406262613092
3155 0.7396535840386681
3156 0.7802991130618444
3157 0.7622484000798436
3158 0.7789717438458628
3159 0.779671616731809
3160 0.7633017461842004
3161 0.7369953242220088
3162 0.7773888572614678
3163 0.7629451517220132
3164 0.7705463924895226
3165 0.7489561097566841
3166 0.7361100975760011
3167 0.7765473286815708
3168 0.8086926405294047
3169 0.7612393335592088
3170 0.7671998670366587
3171 0.7829937909226293
3172 0.768204604708672
3173 0.7667585018797792
3174 0.8001280475543556
3175 0.796466385060161
3176 0.7478794828067075
3177 0.723318116388793
3178 0.7575237760133239
3179 0.7365447297723223
3180 0.8209700732425012
3181 0.7549959266912705
3182 0.7534576900274229
3183 0.7888772375193943
3184 0.8045490082820554
3185 0.7697583250553539
3186 0.7559440012119449
3187 0.7570392853556911
3188 0.7683204697443209
3189 0.7486649320441725
3190 0.7614353595776646
3191 0.8058427227971752
3192 0.7241425152011974
3193 0.767022899749771
3194 0.7831355763985876
3195 0.7753360581208381
3196 0.7453340678753018
3197 0.7521724436188593
3198 0.7240306001013775
3199 0.7778494728645947
3200 0.7772241725308053
3201 0.7722160278562517
3202 0.7721919334559396
3203 0.7953807785953556
3204 0.7578675151776206
3205 0.7999153822870182
3206 0.7533646897358057
3207 0.763950618532786
3208 0.7743552402187006
3209 0.7048694051544225
3210 0.7438390618370566
3211 0.779084422178017
3212 0.7892462353029938
3213 0.7789401380426885
3214 0.7905835134125135
3215 0.7963669486644404
3216 0.7345564434021539
3217 0.7152254464420207
3218 0.7858705578455982
3219 0.7646636451459634
3220 0.7507006550552278
3221 0.8187150486551996
3222 0.7977542319133686
3223 0.7736526855029522
3224 0.7961486605547309
3225 0.7560005435949094
3226 0.761879367664625
3227 0.7715975786442314
3228 0.7200510841770817
3229 0.8033955167498704
3230 0.8035036640063932
3231 nan
3232 nan
3233 nan
3234 nan
3235 nan
3236 nan
3237 nan
3238 nan
3239 nan
3240 nan
3241 nan
3242 nan
3243 nan
3244 nan
3245 nan
3246 nan
3247 nan
3248 nan
3249 nan
3250 nan
3251 nan
3252 nan
3253 nan
3254 nan
3255 nan
3256 nan
3257 nan
3258 nan
3259 nan
3260 nan
3261 nan
3262 nan
3263 nan
3264 nan
3265 nan
3266 nan
3267 nan
3268 nan
3269 nan
3270 nan
3271 nan
3272 nan
3273 nan
3274 nan
3275 nan
3276 nan
3277 nan
3278 nan
3279 nan
3280 nan
3281 nan
3282 nan
3283 nan
3284 nan
3285 nan
3286 nan
3287 nan
3288 nan
3289 nan
3290 nan
3291 nan
3292 nan
3293 nan
3294 nan
3295 nan
3296 nan
3297 nan
3298 nan
3299 nan
3300 nan
3301 nan
3302 nan
3303 nan
3304 nan
3305 nan
3306 nan
3307 nan
3308 nan
3309 nan
3310 nan
3311 nan
3312 nan
3313 nan
3314 nan
3315 nan
3316 nan
3317 nan
3318 nan
3319 nan
3320 nan
3321 nan
3322 nan
3323 nan
3324 nan
3325 nan
3326 nan
3327 nan
3328 nan
3329 nan
3330 nan
3331 nan
3332 nan
3333 nan
3334 nan
3335 nan
3336 nan
3337 nan
3338 nan
3339 nan
3340 nan
3341 nan
3342 nan
3343 nan
3344 nan
3345 nan
3346 nan
3347 nan
3348 nan
3349 nan
3350 nan
3351 nan
3352 nan
3353 nan
3354 nan
3355 nan
3356 nan
3357 nan
3358 nan
3359 nan
3360 nan
3361 nan
3362 nan
3363 nan
3364 nan
3365 0.3092479678960934
3366 0.12156433852321973
3367 0.12944765409169148
3368 0.17297530416708531
3369 0.315858787278676
3370 0.18785932516524237
3371 0.28605975160540104
3372 0.5568613407432644
3373 0.6336728383223154
3374 0.6639389463949763
3375 0.7289514781489587
3376 0.7546860594631187
3377 0.7692611628432648
3378 0.7795607412553603
3379 0.7991487336865296
3380 0.7665233888785485
3381 0.7716978722196002
3382 0.7818225511488498
3383 0.7770481766199007
3384 0.7970910035431182
3385 0.7566281462590765
3386 0.7691096891128484
3387 0.7291146665047946
3388 0.8016564847706884
3389 0.7915602048461415
3390 0.7284505113745542
3391 0.7539935376452774
3392 0.8132269947979266
3393 0.76961764903746
3394 0.7750057688328835
3395 0.7709627724353625
3396 0.8267807333120054
3397 0.7730985044675878
3398 0.8034307125958764
3399 0.7104084401699459
3400 0.7149874181032823
3401 0.7657492460868445
3402 0.7617084368964943
3403 0.8071788282934785
3404 0.7931639751741968
3405 0.8065031386734872
3406 0.7597061416492418
3407 0.7463448429274847
3408 0.7718668976298848
3409 0.7653673912196933
3410 0.7458844655289225
3411 0.7517186267950208
3412 0.7545912048048822
3413 0.7227860995869608
3414 0.8188649665636022
3415 0.7661675308498875
3416 0.7777172426028508
3417 0.7830134649639129
3418 0.7799512583753052
3419 0.7582501358234829
3420 0.7707923392527419
3421 0.7763147068461099
3422 0.7999859603669894
3423 0.7645058801848152
3424 0.7684742354236107
3425 0.7546970513760499
3426 0.7610970078911812
3427 0.7962296856666229
3428 0.7667155703929642
3429 0.7097461985562264
3430 0.7972256024076196
3431 0.7815438048475918
3432 0.7774600172769532
3433 0.7922974039491629
3434 0.7332139005732929
3435 0.764353915595679
3436 0.757912934671987
3437 0.831577909721034
3438 0.7728443925963933
3439 0.7774422264671363
3440 0.7865189678006113
3441 0.7516080104440659
3442 0.7832388826178938
3443 0.7106536219745143
3444 0.7643565702503642
3445 0.73704695583693
3446 0.7657958191426129
3447 0.7690490278010734
3448 0.7420762993719601
3449 0.7542710697045326
3450 0.7417344875730288
3451 0.7895337467659197
3452 0.7560040146923
3453 0.765840277795449
3454 0.8039591271574967
3455 0.7700006488675643
3456 0.7895926370216947
3457 0.7573131667928824
3458 0.7947895089499317
3459 0.7768110222199219
3460 0.7699674947913225
3461 0.7851417447548501
3462 0.7471623645260619
3463 0.7383560840829714
3464 0.8103408896555839
3465 0.7813917964262044
3466 0.7778073944520631
3467 0.7304376756735926
3468 0.7343485218820792
3469 0.7899146318058476
3470 0.7917670661028875
3471 0.7880938827770353
3472 0.7201428665781032
3473 0.7550905694208937
3474 0.7800648307889004
3475 0.742568020925275
3476 0.8090153990075187
3477 0.7781668953738177
3478 0.729914982193604
3479 0.7879699447735955
3480 0.7817929329765835
3481 0.748591442563918
3482 0.7128725350879036
3483 0.7736477350733317
3484 0.782358866559545
3485 0.7889322665384786
3486 0.7604144441441582
3487 0.7381520600215773
3488 0.7758475376302033
3489 0.7463464873473967
3490 0.736057115508353
3491 0.7787673309200122
3492 0.7680314830090793
3493 0.7921791090319501
3494 0.7804807577060826
3495 0.7972012949463496
3496 0.742333866888077
3497 0.8089621502765294
3498 0.7318456669741421
3499 0.7953290397298103
3500 0.7918176244451276
3501 0.7731894352902744
3502 0.7750864689746022
3503 0.7743755154603601
3504 0.7480437602580565
3505 0.778721570795842
3506 0.7437330613248662
3507 0.741212918663112
3508 0.798640679187919
3509 0.7935045094438637
3510 0.7950840903788075
3511 0.7636089532922192
3512 0.7649794975463621
3513 0.718748024564638
3514 0.807742784418292
3515 0.7348023672197569
3516 0.7604332511471426
3517 0.8166513322489984
3518 0.7394063856056408
3519 0.7473809657353335
3520 0.7828052322209389
3521 0.7577153332932814
3522 0.7410734254901256
3523 0.7624032161603908
3524 0.772440103941518
3525 0.7744697030719347
3526 0.740169459906263
3527 0.7971908937772374
3528 0.7821016320198733
3529 0.7906994532516376
3530 0.7530072293382744
3531 0.7663583506664184
3532 0.7824045277974113
3533 0.8138793087571796
3534 0.7696478948989545
3535 0.7462717732625547
3536 0.7208423384195692
3537 0.7589338653988927
3538 0.7662825697589509
3539 0.7968127916652019
3540 0.7661680963410269
3541 0.772829521904709
3542 0.7734185070125983
3543 0.7247772538084921
3544 0.721614760626091
3545 0.7905947482886237
3546 0.7395527819236404
3547 0.7903887096623455
3548 0.7566070601880337
3549 0.806562203409537
3550 0.7915915751122694
3551 0.8086301199328293
3552 0.7624197666191743
3553 0.7519703369097717
3554 0.7890427792363957
3555 0.7692671485733776
3556 0.8133288919838005
3557 0.7999285696775081
3558 0.7533525559533096
3559 0.7633313778834945
3560 0.7262606736224988
3561 0.7910854019333713
3562 0.7329264198279669
3563 0.7910414961276474
3564 0.7552031959705969
3565 0.7954254270115503
3566 0.7649806674265914
3567 0.7814412961014902
3568 0.8074284073194785
3569 0.7739377626348833
3570 0.7638200474949587
3571 0.7516659861060243
3572 0.7777476537176693
3573 0.7847697303408435
3574 0.7832805083855122
3575 0.7420186312249492
3576 0.7654386652904992
3577 0.7671539644638944
3578 0.7795325890731036
3579 0.7637850255485397
3580 0.745903651825442
3581 0.76548923824763
3582 0.7738573695056185
3583 0.8037192603611064
3584 0.7501764773182554
3585 0.7191200299637108
3586 0.7154149559140899
3587 0.8120819091464591
3588 0.798234591773078
3589 0.7994033506490064
3590 0.7538580860319131
3591 0.7862054353066837
3592 0.7835894392354587
3593 0.8102903887311756
3594 0.7807061911113807
3595 0.8073394592544312
3596 nan
3597 nan
3598 nan
3599 nan
3600 nan
3601 nan
3602 nan
3603 nan
3604 nan
3605 nan
3606 nan
3607 nan
3608 nan
3609 nan
3610 nan
3611 nan
3612 nan
3613 nan
3614 nan
3615 nan
3616 nan
3617 nan
3618 nan
3619 nan
3620 nan
3621 nan
3622 nan
3623 nan
3624 nan
3625 nan
3626 nan
3627 nan
3628 nan
3629 nan
3630 nan
3631 nan
3632 nan
3633 nan
3634 nan
3635 nan
3636 nan
3637 nan
3638 nan
3639 nan
3640 nan
3641 nan
3642 nan
3643 nan
3644 nan
3645 nan
3646 nan
3647 nan
3648 nan
3649 nan
3650 nan
3651 nan
3652 nan
3653 nan
3654 nan
3655 nan
3656 nan
3657 nan
3658 nan
3659 nan
3660 nan
3661 nan
3662 nan
3663 nan
3664 nan
3665 nan
3666 nan
3667 nan
3668 nan
3669 nan
3670 nan
3671 nan
3672 nan
3673 nan
3674 nan
3675 nan
3676 nan
3677 nan
3678 nan
3679 nan
3680 nan
3681 nan
3682 nan
3683 nan
3684 nan
3685 nan
3686 nan
3687 nan
3688 nan
3689 nan
3690 nan
3691 nan
3692 nan
3693 nan
3694 nan
3695 nan
3696 nan
3697 nan
3698 nan
3699 nan
3700 nan
3701 nan
3702 nan
3703 nan
3704 nan
3705 nan
3706 nan
3707 nan
3708 nan
3709 nan
3710 nan
3711 nan
3712 nan
3713 nan
3714 nan
3715 nan
3716 nan
3717 nan
3718 nan
3719 nan
3720 nan
3721 nan
3722 nan
3723 nan
3724 nan
3725 nan
3726 nan
3727 nan
3728 nan
3729 nan
3730 nan
3731 nan
3732 nan
3733 nan
3734 nan
3735 0.2896102999666607
3736 0.20383382170985764
3737 0.32131441172621583
3738 0.3315724747291943
3739 0.30664804199625323
3740 0.2824939194594704
3741 0.38861046834893054
3742 0.4484637826587884
3743 0.5801642210586685
3744 0.6869397517009106
3745 0.758002602528578
3746 0.7421089522473361
3747 0.7814817715124165
3748 0.786700033108098
3749 0.7506683121623965
3750 0.7575276195630221
3751 0.760031947580464
3752 0.8067367122041981
3753 0.7703968372929176
3754 0.8196569610073008
3755 0.7674174198010464
3756 0.784485808011708
3757 0.8144124037982602
3758 0.8039618457003144
3759 0.7665737615984541
3760 0.7602824122832708
3761 0.7416228059666823
3762 0.7578598000802652
3763 0.7626447173376545
3764 0.7706403395975711
3765 0.7756101019424188
3766 0.7881878609891015
3767 0.7658043069525982
3768 0.7517924465572761
3769 0.7918078304393078
3770 0.7669711716390945
3771 0.7910557634373686
3772 0.7647154181415521
3773 0.7359272587915295
3774 0.7131155186459671
3775 0.7537143234404313
3776 0.7794281096751845
3777 0.7425700573061916
3778 0.772107774960464
3779 0.7284452738123199
3780 0.7838444387988441
3781 0.751341425302012
3782 0.7884060324492855
3783 0.7542864141997638
3784 0.7920398562290514
3785 0.6923245851661665
3786 0.7199894455771667
3787 0.7582123266325815
3788 0.7655053128246321
3789 0.7504540968847571
3790 0.7582510533854915
3791 0.7254361632701025
3792 0.7858130386645551
3793 0.7349275429244543
3794 0.7551305139298765
3795 0.7663285417334128
3796 0.7814899829318985
3797 0.8050177867193368
3798 0.7993926779274406
3799 0.781745671054246
3800 0.7424775960734258
3801 0.7562053784612077
3802 0.7664647719165396
3803 0.7471372119403044
3804 0.7267610821381748
3805 0.7195480335684299
3806 0.7834591096461548
3807 0.7188344840912121
3808 0.7290383005307188
3809 0.738614971369287
3810 0.7503268732455104
3811 0.792890151322895
3812 0.7789398735352223
3813 0.7607139383657018
3814 0.7675822834348193
3815 0.6859410478549335
3816 0.7605177330891424
3817 0.7831912357350186
3818 0.7530913062696507
3819 0.7624745256923121
3820 0.7777627895279119
3821 0.7172723837928887
3822 0.7600785831413704
3823 0.7055512240753194
3824 0.7733845205233026
3825 0.7562016697105852
3826 0.8187938706815151
3827 0.7801491999984113
3828 0.7458012802859835
3829 0.6753382198803138
3830 0.7893256762387875
3831 0.7790670474922284
3832 0.7759260474894463
3833 0.7437399536544367
3834 0.7655620083253013
3835 0.7106215386766536
3836 0.7368151675226414
3837 0.7384773627293346
3838 0.7640429174622899
3839 0.7426230328616337
3840 0.7418963409487485
3841 0.8088976839068034
3842 0.7710101654667902
3843 0.7688472821134142
3844 0.7572967727071581
3845 0.7653231914930346
3846 0.7716362672472512
3847 0.7431729438928405
3848 0.780364637017788
3849 0.7109532578357843
3850 0.8142496925639061
3851 0.7603488217158927
3852 0.6863776449538139
3853 0.7549515524863735
3854 0.7398161579708301
3855 0.7398304039817504
3856 0.724935088350575
3857 0.7796189546530365
3858 0.7398205060612051
3859 0.751465481884154
3860 0.7802130711948733
3861 0.7872040413831913
3862 0.7676180712845473
3863 0.7815687519873963
3864 0.7404132413345086
3865 0.7578138190324576
3866 0.7619012329621996
3867 0.771640657679188
3868 0.7392525380901591
3869 0.7685378666491008
3870 0.7312536073003699
3871 0.7732779246375624
3872 0.7495784405751369
3873 0.7474327184277119
3874 0.7531715492755632
3875 0.7669300638682808
3876 0.7375045047119991
3877 0.7573809703643163
3878 0.7942317878333233
3879 0.8087171185130676
3880 0.7058789050010148
3881 0.7205625264762504
3882 0.7670279872567632
3883 0.7669508391096421
3884 0.756309700127662
3885 0.7825502218525224
3886 0.7660815575106907
3887 0.7369180284348884
3888 0.7103760922399444
3889 0.7156719133607825
3890 0.7831932931130121
3891 0.7128532490067505
3892 0.7380190088396299
3893 0.7360904947683826
3894 0.7853960665677339
3895 0.718055257328528
3896 0.7176965602047453
3897 0.7447502267384779
3898 0.6916795563089309
3899 0.7372827558501011
3900 0.7346179578357085
3901 0.7277459117120195
3902 0.7394339941384135
3903 0.7446070262429165
3904 0.7016922102178715
3905 0.749173186387186
3906 0.796351868725611
3907 0.7423874655214232
3908 0.8055292233310336
3909 0.7553861826827659
3910 0.7347271007435026
3911 0.7248725342460138
3912 0.784991898047536
3913 0.7370702876623851
3914 0.73532924439101
3915 0.7833588773250467
3916 0.773317255229121
3917 0.7841203555261484
3918 0.7609468032685828
3919 0.7446376984228796
3920 0.7702679100646593
3921 0.7545846560870336
3922 0.7372415040764712
3923 0.7424664283090316
3924 0.7529486607318079
3925 0.7785838998469509
3926 0.7431691118218229
3927 0.7701932339687727
3928 0.741160074163554
3929 0.7389006820017031
3930 0.779121266675637
3931 0.7188338384674094
3932 0.7578104225502924
3933 0.7617154322587992
3934 0.7596740720914152
3935 0.7981810743567737
3936 0.742321384978201
3937 0.7440177740594147
3938 0.7514892441726951
3939 0.6773389379062903
3940 0.7962496044469753
3941 0.7645593841136102
3942 0.7779994809928372
3943 0.7616297483997486
3944 0.7460950649019679
3945 0.7612350838917634
3946 0.736598653502872
3947 0.7104535868255434
3948 0.7351532780720867
3949 0.7826338720261656
3950 0.7592676674269011
3951 0.7203776470329583
3952 0.730181813323835
3953 0.7791697156105482
3954 0.7963721623462061
3955 0.7859322619412284
3956 0.7345421084214281
3957 0.7587813366329643
3958 0.7920887548840805
3959 0.7610371792854788
3960 0.7548824108568287
3961 nan
3962 nan
3963 nan
3964 nan
3965 nan
3966 nan
3967 nan
3968 nan
3969 nan
3970 nan
3971 nan
3972 nan
3973 nan
3974 nan
3975 nan
3976 nan
3977 nan
3978 nan
3979 nan
3980 nan
3981 nan
3982 nan
3983 nan
3984 nan
3985 nan
3986 nan
3987 nan
3988 nan
3989 nan
3990 nan
3991 nan
3992 nan
3993 nan
3994 nan
3995 nan
3996 nan
3997 nan
3998 nan
3999 nan
4000 nan
4001 nan
4002 nan
4003 nan
4004 nan
4005 nan
4006 nan
4007 nan
4008 nan
4009 nan
4010 nan
4011 nan
4012 nan
4013 nan
4014 nan

Correlations for testing data: TLAI_pft7
0 nan
1 nan
2 nan
3 nan
4 nan
5 nan
6 nan
7 nan
8 nan
9 nan
10 nan
11 nan
12 nan
13 nan
14 nan
15 nan
16 nan
17 nan
18 nan
19 nan
20 nan
21 nan
22 nan
23 nan
24 nan
25 nan
26 nan
27 nan
28 nan
29 nan
30 nan
31 nan
32 nan
33 nan
34 nan
35 nan
36 nan
37 nan
38 nan
39 nan
40 nan
41 nan
42 nan
43 nan
44 nan
45 nan
46 nan
47 nan
48 nan
49 nan
50 nan
51 nan
52 nan
53 nan
54 nan
55 nan
56 nan
57 nan
58 nan
59 nan
60 nan
61 nan
62 nan
63 nan
64 nan
65 nan
66 nan
67 nan
68 nan
69 nan
70 nan
71 nan
72 nan
73 nan
74 nan
75 nan
76 nan
77 nan
78 nan
79 nan
80 nan
81 nan
82 0.011355419624241051
83 0.0005712073864788694
84 0.17472850883244223
85 0.10934735698477567
86 0.03880423781538305
87 0.540201614018186
88 0.0005738897853344513
89 0.790239351648262
90 0.37214259802966276
91 0.4165066721343458
92 0.2214341392084161
93 0.029856198825555846
94 0.10074242733464318
95 0.07625347388980143
96 0.05293818541728165
97 0.08223323109349237
98 0.15471958242020897
99 0.08449010020778455
100 0.12172639129456826
101 0.01175863422319052
102 0.005255939283694596
103 0.003939757708725017
104 0.0022676389451062166
105 0.0323548356865355
106 0.06631473104302843
107 0.01895313439528409
108 0.0001345001774797238
109 4.829051010966041e-05
110 0.00012169938717521482
111 0.03237982288402456
112 0.008012221715040025
113 0.010703388563867391
114 0.014811031299276165
115 0.013798099238248753
116 0.017136426937485898
117 0.0031044476734469516
118 0.031339794213741404
119 0.01005671136364902
120 0.004319086460321623
121 0.00013862025989497154
122 0.02906600549997467
123 0.001658241653175747
124 0.03258718109027333
125 0.014302797491438486
126 0.012752518355661878
127 0.021016426815214314
128 0.05981566430657588
129 0.02054573564937723
130 0.012449470386132583
131 0.04714904500171097
132 0.012537939131517474
133 0.038081470259484725
134 0.07895968926860779
135 0.007330293739700347
136 0.101976780373651
137 0.003023754250174702
138 0.04346476567276616
139 0.0313449686954156
140 0.06325268377959738
141 0.02067853567189044
142 0.0026284798551558827
143 0.034724163044112195
144 0.008423301041616324
145 1.9329664604729222e-05
146 0.009360986496680447
147 0.11101984942465476
148 0.00042339970462346437
149 0.0015967134993274228
150 0.018565271070961085
151 0.05147068466594642
152 0.06558926875168371
153 0.00171733937095564
154 0.0018389199327329376
155 0.008804335204295223
156 0.009058007564339311
157 0.01769323951794565
158 0.015317202532196554
159 0.011809840632507505
160 0.0006914811787263152
161 0.0658290338274456
162 2.4482988510538557e-07
163 0.013447237642766634
164 0.0010664311282372416
165 0.004460828511282997
166 0.17583995537199093
167 0.0019552330536218333
168 0.026234240592354584
169 0.0010166270609653183
170 0.042257637007368676
171 0.006392466330217003
172 0.029926701405962382
173 0.014401311801425006
174 0.0060894999906272815
175 0.047736183535862294
176 0.06476643536861422
177 0.0009214582266066128
178 0.025200717452060484
179 0.005490070949791331
180 0.002576897459028616
181 0.06454801167068425
182 0.0020154395388235764
183 0.001304763219457333
184 0.0007723510866012533
185 0.0022477714067524047
186 0.03472478697014127
187 0.003585525051293633
188 0.0016367054183308435
189 0.023472533917493543
190 0.0014939387357818586
191 0.0005589561019296371
192 0.002399394863963155
193 0.0069068432949810875
194 7.802388660145571e-05
195 0.0295059844615238
196 3.113575347257849e-05
197 0.01693553085254054
198 0.03537105697070025
199 0.010053380827393491
200 0.0054780132642569986
201 0.009489282955970265
202 0.01489980588140418
203 0.02718401101272796
204 0.05101766915986796
205 0.024063523019445553
206 0.0068285208953237555
207 0.0005774281045233063
208 0.03889939966377356
209 0.05597736775235002
210 0.02637455470568941
211 0.06825519834420386
212 0.0291695690589644
213 0.04230846988824978
214 0.0013289361886430833
215 0.08189378008960654
216 0.00674977652479535
217 0.09634073620491669
218 0.005545779504468556
219 0.019712096176812653
220 0.0021041997176736472
221 0.0028412800613045143
222 0.011929571736946221
223 0.008458303358973985
224 0.02701302949801243
225 0.01034366871655445
226 0.015018374855995761
227 0.006096861348085443
228 0.00022621081619365952
229 0.003498607303921568
230 0.004282484647622681
231 0.0013346111053311456
232 4.7584677316583425e-05
233 0.007716453183672165
234 0.1424383839927197
235 0.013450165913356195
236 0.12398542713864155
237 0.02824460359577432
238 0.0005469521424368245
239 0.015101778735114991
240 0.009654614475757316
241 0.001906309575891349
242 0.010886238995387354
243 0.0762330417402027
244 0.020897920993125086
245 0.00012796253271344534
246 0.10770537373108886
247 0.01517529197803785
248 0.0007849097193092663
249 0.00802930660710767
250 0.010006960065748922
251 0.014066827520258559
252 0.014815107893394918
253 0.04349680669112471
254 0.034809287226255085
255 0.07904850039906725
256 0.009325435513587874
257 0.0027175995145555165
258 0.03746580664004459
259 0.01915299848696412
260 0.02714595458216127
261 2.7229359745740558e-05
262 0.15036239275196786
263 0.00848388237002714
264 0.02663973557132785
265 0.018325558121450168
266 0.09538780494764937
267 0.001184093797295087
268 0.00033109618931010943
269 0.0011947528340769857
270 0.0011822491810283017
271 0.006102805971577078
272 0.0008627181586024918
273 0.05895480904907358
274 0.01652599427475214
275 0.002467784485561058
276 0.04172268862152379
277 0.007846056774271574
278 0.18685213924318445
279 0.0005999311380763679
280 0.0016486022749824087
281 0.0011887063435681903
282 0.00033645112688640073
283 0.014077421099283435
284 0.012336768228321606
285 0.006770262228704923
286 0.0020261161075997565
287 0.0024981997705252603
288 0.015444099280456019
289 0.015922428158198464
290 0.023298532615671205
291 0.03810698655941324
292 0.04269480102606153
293 0.026773766428187202
294 0.04011557330651606
295 3.5338457940821344e-05
296 0.002790921464012183
297 0.05029485324844282
298 0.06873138341907369
299 0.04267328687563381
300 0.01306159603492446
301 2.1364204953344648e-05
302 0.000464293008631129
303 0.04336706860165826
304 0.0035731561378574347
305 0.022149226070754587
306 0.002775291932435511
307 0.029896173856013585
308 0.012340422070935494
309 0.08438602126643754
310 0.0005126344773517907
311 nan
312 nan
313 nan
314 nan
315 nan
316 nan
317 nan
318 nan
319 nan
320 nan
321 nan
322 nan
323 nan
324 nan
325 nan
326 nan
327 nan
328 nan
329 nan
330 nan
331 nan
332 nan
333 nan
334 nan
335 nan
336 nan
337 nan
338 nan
339 nan
340 nan
341 nan
342 nan
343 nan
344 nan
345 nan
346 nan
347 nan
348 nan
349 nan
350 nan
351 nan
352 nan
353 nan
354 nan
355 nan
356 nan
357 nan
358 nan
359 nan
360 nan
361 nan
362 nan
363 nan
364 nan
365 nan
366 nan
367 nan
368 nan
369 nan
370 nan
371 nan
372 nan
373 nan
374 nan
375 nan
376 nan
377 nan
378 nan
379 nan
380 nan
381 nan
382 nan
383 nan
384 nan
385 nan
386 nan
387 nan
388 nan
389 nan
390 nan
391 nan
392 nan
393 nan
394 nan
395 nan
396 nan
397 nan
398 nan
399 nan
400 nan
401 nan
402 nan
403 nan
404 nan
405 nan
406 nan
407 nan
408 nan
409 nan
410 nan
411 nan
412 nan
413 nan
414 nan
415 nan
416 nan
417 nan
418 nan
419 nan
420 nan
421 nan
422 nan
423 nan
424 nan
425 nan
426 nan
427 nan
428 nan
429 nan
430 nan
431 nan
432 nan
433 nan
434 nan
435 nan
436 nan
437 nan
438 nan
439 nan
440 nan
441 nan
442 nan
443 nan
444 nan
445 nan
446 nan
447 nan
448 nan
449 nan
450 nan
451 nan
452 nan
453 nan
454 nan
455 nan
456 nan
457 nan
458 nan
459 nan
460 nan
461 nan
462 nan
463 nan
464 nan
465 nan
466 nan
467 0.00922034432793956
468 0.14921041834608215
469 0.022401055768280467
470 0.012923427628111455
471 0.6273869548994615
472 0.5647290881741415
473 0.6468920729289164
474 0.6025870922259493
475 0.2541493727266922
476 0.09678625563134165
477 0.07550253201283694
478 0.0646658207181423
479 0.2009209238902971
480 0.23062221637205935
481 0.10579499865935911
482 0.09156948414058523
483 0.01758161745998582
484 0.00017639536198902638
485 0.058333313701406056
486 0.023981402333379576
487 0.08857348450575285
488 0.029888795060618093
489 0.009389682919271787
490 0.013333845868630189
491 0.0017708413256576204
492 0.13904411454480814
493 0.022616311035372608
494 0.008299626051134153
495 0.048653292730688386
496 0.04992444669806155
497 0.07115745586762844
498 0.0009561021481334973
499 2.625203977702976e-06
500 0.024999150159852032
501 0.001266416102059467
502 0.06428257790325337
503 0.01799595710581469
504 0.0018126057997254414
505 0.013484515799531286
506 0.03637297440668973
507 0.006693237815301245
508 0.09242404536153578
509 0.016398934485973717
510 0.009213612334083517
511 0.0017191042200667384
512 0.00046856386834136416
513 0.003837262354915594
514 0.0341685455584707
515 0.10990253285646086
516 0.009413336241662374
517 0.1722954125587346
518 2.9998047588767243e-05
519 0.007290890257083945
520 0.04024141978221362
521 0.007534865311759145
522 0.06354421636220144
523 0.012398499851177466
524 0.021566845485724923
525 0.016954571165060557
526 0.026085682252929013
527 0.008952387399055083
528 0.05043867229167908
529 0.1423698814833303
530 0.015310302409889646
531 0.0014129252490179096
532 0.008251707079545872
533 0.04074296671438492
534 0.021327954063019045
535 0.018340683239900932
536 0.02239128372359518
537 0.011435511778264497
538 5.422837896096948e-05
539 0.02280216596970221
540 0.0023686368222919692
541 0.0732364549432389
542 0.003312056918146203
543 0.009990731317987861
544 0.015935341753618507
545 0.056980335702323526
546 0.015955593729719098
547 0.1481550592915961
548 0.008469538359944849
549 0.000462488364321237
550 0.01225524276014245
551 0.06869919554968623
552 0.005637835660572624
553 0.017056418649136033
554 0.0050435673789973315
555 0.0013657423343608542
556 0.003973828965683791
557 0.00296400854126359
558 6.95108181707985e-06
559 7.012073467329311e-05
560 0.0006476655464755396
561 0.03750193963680914
562 0.0091616345424358
563 0.007151374636995016
564 0.00873547870364075
565 0.0014400671458602871
566 0.020285857302136286
567 0.004012714398330749
568 0.06328926584813512
569 0.014035948575875708
570 0.009377243672367388
571 0.0016911577259883328
572 0.009886256036781744
573 0.01168232582336754
574 0.045811948301386886
575 0.005396498156216516
576 0.005578863656299113
577 0.013445715088303339
578 0.09890996842234018
579 0.01859724768178618
580 0.023562107149018692
581 0.05895873341323372
582 0.083476070870331
583 0.045632858774370386
584 0.11123562080702198
585 0.009671961307218042
586 0.03029200366605457
587 0.0026196236781983137
588 0.0004484400454411931
589 9.885540766955651e-05
590 0.027642762808529647
591 0.031874994172860126
592 0.027189581681541827
593 0.031226310298104923
594 0.0004059210464511247
595 0.013328176551919235
596 0.0011410705504734742
597 0.003697483572672739
598 0.07165036311752519
599 0.012312699063334117
600 0.0002108613872303401
601 0.01592801272229209
602 1.852066115801033e-05
603 0.0015786246802242773
604 0.0019428804496967969
605 0.00014506262358821145
606 0.005823377871864054
607 0.00021737607427348293
608 0.024683119490492452
609 0.11121437021688974
610 4.337393467488168e-05
611 7.215451390151372e-05
612 0.0009031450590720273
613 0.0024268709845108425
614 0.060975369225629045
615 0.008142546833485819
616 0.11439522835782893
617 0.04267036925889922
618 0.019431794603761383
619 0.003740759632596105
620 0.0009328557527523355
621 0.0003061759852178642
622 0.04455827469292205
623 0.007093261350718214
624 0.013272909895117504
625 0.03598371126108608
626 3.327942143633497e-05
627 0.017129338299189563
628 0.008721432673921923
629 0.009660625875766476
630 0.02413790918705424
631 0.00013540292256367846
632 0.010195927804823656
633 0.02398998565590694
634 0.047925207147756346
635 0.04984177784234015
636 0.002100131408462805
637 0.0016002735992527196
638 0.024515557312977155
639 0.0022037126448823437
640 0.04600281671586789
641 0.019807011048189615
642 0.0014739053515079935
643 0.009967517201940114
644 0.015482999895317415
645 0.031015771282703383
646 0.0010617432727665404
647 0.014486579013403384
648 0.0036871852825413735
649 0.025591265807306647
650 8.624308439407515e-05
651 0.019394939346773166
652 0.02286647477413703
653 0.0011155116180647212
654 0.015714027075595837
655 0.01539820417808892
656 0.0008432452269306099
657 0.032726100541991994
658 0.00122259378670809
659 0.04669664292094767
660 0.06242630035269549
661 0.0019308384120398081
662 0.01381104935906628
663 0.01693847858557518
664 0.0035965209971898686
665 0.009490596735011705
666 0.038909510140661595
667 0.004530640282477021
668 0.08198836090265704
669 0.010559022941834022
670 0.027298453365062304
671 0.008579043140599924
672 0.03219861805476972
673 0.012855078332768909
674 0.004616651489353086
675 0.00034777911867578203
676 nan
677 nan
678 nan
679 nan
680 nan
681 nan
682 nan
683 nan
684 nan
685 nan
686 nan
687 nan
688 nan
689 nan
690 nan
691 nan
692 nan
693 nan
694 nan
695 nan
696 nan
697 nan
698 nan
699 nan
700 nan
701 nan
702 nan
703 nan
704 nan
705 nan
706 nan
707 nan
708 nan
709 nan
710 nan
711 nan
712 nan
713 nan
714 nan
715 nan
716 nan
717 nan
718 nan
719 nan
720 nan
721 nan
722 nan
723 nan
724 nan
725 nan
726 nan
727 nan
728 nan
729 nan
730 nan
731 nan
732 nan
733 nan
734 nan
735 nan
736 nan
737 nan
738 nan
739 nan
740 nan
741 nan
742 nan
743 nan
744 nan
745 nan
746 nan
747 nan
748 nan
749 nan
750 nan
751 nan
752 nan
753 nan
754 nan
755 nan
756 nan
757 nan
758 nan
759 nan
760 nan
761 nan
762 nan
763 nan
764 nan
765 nan
766 nan
767 nan
768 nan
769 nan
770 nan
771 nan
772 nan
773 nan
774 nan
775 nan
776 nan
777 nan
778 nan
779 nan
780 nan
781 nan
782 nan
783 nan
784 nan
785 nan
786 nan
787 nan
788 nan
789 nan
790 nan
791 nan
792 nan
793 nan
794 nan
795 nan
796 nan
797 nan
798 nan
799 nan
800 nan
801 nan
802 nan
803 nan
804 nan
805 nan
806 nan
807 nan
808 nan
809 nan
810 nan
811 nan
812 nan
813 nan
814 nan
815 nan
816 nan
817 nan
818 nan
819 nan
820 0.5331058883597567
821 0.09029922024131427
822 0.21768288906004762
823 0.022382462271616648
824 0.03766508975861308
825 0.17237089229357416
826 0.1264809049740602
827 0.3445191881473153
828 0.236795626470201
829 0.23669644063594775
830 0.12418482373959366
831 0.1155602616632135
832 0.13943871705619595
833 0.1118097795162744
834 0.040273832792052405
835 0.16744799177189987
836 0.0617051765315613
837 0.06863710222758324
838 0.04872642930404956
839 1.8135850304972172e-06
840 0.03394508282750284
841 0.057188337369949986
842 4.2460962620350405e-05
843 0.01448248467620222
844 0.22006976327179886
845 0.029882212163442202
846 0.02697830870955789
847 0.0004483777465867882
848 0.06383973694569456
849 0.08790355891772249
850 0.07731397968628005
851 0.0014547216101728215
852 0.004424525201667545
853 0.07184847924866579
854 0.0028730649707825583
855 0.0008329611634574449
856 2.9227950108059302e-05
857 0.0017203187871207577
858 0.11268968751402016
859 0.03890956845045913
860 0.058697484185427064
861 0.0012849551820690388
862 0.0010050758472756674
863 3.537797084282903e-05
864 0.030667347266744232
865 0.00013704990893289467
866 0.002857789972206378
867 0.06766079980138708
868 0.009446122122051205
869 0.03804473600063957
870 0.04522814605162265
871 0.1271968800832111
872 0.10763419834558266
873 0.013317845093826306
874 0.00014691631948524
875 0.0022778142874052155
876 0.01511067421549142
877 0.013012423940528168
878 4.3968682259082004e-05
879 0.018841254071307233
880 0.007913591199552138
881 0.007315894389723663
882 0.08887846534724198
883 0.07674040162590055
884 0.0009965561868965215
885 0.02912836913250313
886 0.0022474580965324772
887 0.0007334002170016171
888 0.0012518801699100256
889 0.03807151053641896
890 0.0030382442991651886
891 0.02634385928883711
892 0.03307288252588203
893 0.004651943870547221
894 0.045174560600603215
895 0.013993003744488317
896 4.411182063932152e-06
897 0.017042487372607776
898 0.01052921161349665
899 0.04155555672693096
900 0.00013504100791848233
901 0.021370236460176887
902 0.007953768704458826
903 0.005916213622628166
904 0.014954332213698542
905 0.0006925327072199888
906 0.1689058749805776
907 0.00015629132333777227
908 0.08965235809491066
909 0.0004643133243125009
910 0.01782648732708324
911 0.0025768289620232932
912 0.08178693450835191
913 0.006340286173513836
914 0.08531110548457836
915 0.03962889203872269
916 0.013994133978865512
917 1.0416046145040742e-05
918 0.00041737241055551504
919 0.002233180769234146
920 0.009462575355495067
921 0.012167563674659307
922 0.013610164841615174
923 0.04012248369037435
924 0.019284408046336163
925 0.009011465776117729
926 0.0010805977882266955
927 0.00597608355948146
928 0.04149430057456123
929 0.07812809189049573
930 0.040233517047060324
931 0.11651608798016634
932 0.000735398757928802
933 0.015926228848241096
934 0.004442413765637168
935 0.014289341516704813
936 0.006221478537426595
937 6.795405121047006e-06
938 0.0002190283607838597
939 0.0704020470825496
940 0.0059856980241416845
941 0.0012705346917172896
942 0.032225116464104996
943 8.955293030932923e-05
944 0.005362717416245818
945 0.002398156140796743
946 0.023035411764377924
947 0.00018953985125084416
948 0.11281859333785076
949 0.053368660504070686
950 5.741268756720615e-05
951 0.010314375674103397
952 0.0022805306361493457
953 0.022647623964764704
954 0.02101053042238127
955 0.008494989006842823
956 0.0007990417544507014
957 0.0035042784560943025
958 7.126997428631084e-06
959 0.015834200706857888
960 0.07892689938756914
961 0.10648606519636446
962 0.05812623548322406
963 0.00860977642307686
964 0.0023464228275033266
965 0.12791021951342932
966 0.06839586692015616
967 0.04465811636425692
968 0.02123864013750982
969 0.0007450741486170753
970 0.0812354598689977
971 0.028550441219605132
972 0.038170875984126676
973 5.4558236769370525e-06
974 0.0010937813312098354
975 0.007227135229858297
976 0.011850548199988454
977 0.004198748689024871
978 0.007054302861532703
979 0.0010840567196526783
980 0.04796224747716051
981 0.010314039294678076
982 0.008843779644142178
983 0.0034503599546536106
984 0.0014189802635062496
985 0.004446528576301043
986 0.001036462882056591
987 0.023301810072554777
988 0.0015263012362978499
989 0.02079631296358321
990 0.005108849217399434
991 0.0026734519802710404
992 0.008269260031968444
993 0.0426567436458221
994 0.010453584892274154
995 0.006968134195555147
996 0.04362042000263569
997 0.0026873683194996445
998 0.02639465756031971
999 0.016627317733584838
1000 0.0942247038137364
1001 0.06015163412214728
1002 0.002456863982590551
1003 0.003207008587954925
1004 0.0008656087953768379
1005 0.0008182319325148985
1006 0.011298549101335277
1007 0.0010451536361227149
1008 0.03735201664152353
1009 0.0012641621332497687
1010 0.053896257303958764
1011 0.01644514871550192
1012 0.0015422487549676235
1013 0.013624593893839064
1014 0.019461975361352843
1015 5.345260067853194e-05
1016 0.007104500816955552
1017 0.005681064770560841
1018 0.00579225465565363
1019 0.022572677109719014
1020 0.015572056852071935
1021 0.012397354677370092
1022 0.13976375268731506
1023 0.02248691402013726
1024 0.0197874765068057
1025 0.010332312946751356
1026 0.04707046555805291
1027 0.07821580964411555
1028 0.0002673948461476548
1029 0.02944423397270522
1030 0.0017861936651393654
1031 0.0031981856901194474
1032 0.01767321264878064
1033 0.07943891439164495
1034 0.10199449310665885
1035 0.007936212073743301
1036 0.04693021993689616
1037 0.004785575423743815
1038 0.012257325593195732
1039 0.003059346451781251
1040 0.031041592864139652
1041 nan
1042 nan
1043 nan
1044 nan
1045 nan
1046 nan
1047 nan
1048 nan
1049 nan
1050 nan
1051 nan
1052 nan
1053 nan
1054 nan
1055 nan
1056 nan
1057 nan
1058 nan
1059 nan
1060 nan
1061 nan
1062 nan
1063 nan
1064 nan
1065 nan
1066 nan
1067 nan
1068 nan
1069 nan
1070 nan
1071 nan
1072 nan
1073 nan
1074 nan
1075 nan
1076 nan
1077 nan
1078 nan
1079 nan
1080 nan
1081 nan
1082 nan
1083 nan
1084 nan
1085 nan
1086 nan
1087 nan
1088 nan
1089 nan
1090 nan
1091 nan
1092 nan
1093 nan
1094 nan
1095 nan
1096 nan
1097 nan
1098 nan
1099 nan
1100 nan
1101 nan
1102 nan
1103 nan
1104 nan
1105 nan
1106 nan
1107 nan
1108 nan
1109 nan
1110 nan
1111 nan
1112 nan
1113 nan
1114 nan
1115 nan
1116 nan
1117 nan
1118 nan
1119 nan
1120 nan
1121 nan
1122 nan
1123 nan
1124 nan
1125 nan
1126 nan
1127 nan
1128 nan
1129 nan
1130 nan
1131 nan
1132 nan
1133 nan
1134 nan
1135 nan
1136 nan
1137 nan
1138 nan
1139 nan
1140 nan
1141 nan
1142 nan
1143 nan
1144 nan
1145 nan
1146 nan
1147 nan
1148 nan
1149 nan
1150 nan
1151 nan
1152 nan
1153 nan
1154 nan
1155 nan
1156 nan
1157 nan
1158 nan
1159 nan
1160 nan
1161 nan
1162 nan
1163 nan
1164 nan
1165 nan
1166 nan
1167 nan
1168 nan
1169 nan
1170 nan
1171 nan
1172 0.14896524796181362
1173 0.15078176041199476
1174 0.1384398797222073
1175 0.4476811842197122
1176 0.048537416000069
1177 0.6703502601348708
1178 0.09236309317296133
1179 0.4640869542836784
1180 0.21239290421626553
1181 0.060578384857532974
1182 0.12004365614792324
1183 0.08203643659386493
1184 0.0022701091732277934
1185 0.18787357355294493
1186 0.12487580984771819
1187 0.12340588124018291
1188 0.05202490211953785
1189 0.034831081234178086
1190 0.0178014122598315
1191 0.0274795107231751
1192 0.08411738568366381
1193 0.029708960997436067
1194 0.002902062636077102
1195 0.07799398674323652
1196 0.025277163257330815
1197 0.008653978524255276
1198 0.012948178157080088
1199 0.05729956916018477
1200 0.07624299939871763
1201 0.08417218730606761
1202 0.06400648980238388
1203 0.027493715940549175
1204 0.013486989797506737
1205 0.0043275942252534285
1206 0.051233703416209204
1207 0.29291600839300885
1208 0.05949223037311522
1209 0.06085229803699221
1210 0.008153680400153955
1211 0.027685828403287743
1212 0.0058358468532156305
1213 0.030507510152288392
1214 0.06292141469328902
1215 0.004383595542222254
1216 0.0002999820094402632
1217 0.0119511500297146
1218 0.0604199968973062
1219 0.015945400037113863
1220 0.03641862314275
1221 0.04629221998361837
1222 0.06762922163223259
1223 0.0015761218899442303
1224 0.00828808571929445
1225 0.0005366291740454703
1226 0.09064151594075882
1227 0.0735542721607503
1228 1.1398085401946287e-05
1229 0.0035391979764840004
1230 0.01054200341899768
1231 0.02136649331964933
1232 0.0026990922950815913
1233 0.0021669421105965578
1234 0.03463148005286872
1235 0.0017235914500377057
1236 0.09569216367893929
1237 0.01550291935162144
1238 0.012265253011420573
1239 0.022588906810048107
1240 0.04409928915686619
1241 0.011845893419173898
1242 0.001968521146556362
1243 0.012796620227478952
1244 0.0009591205693548612
1245 0.016806596774996352
1246 0.007324999569919235
1247 0.042869411543122765
1248 0.06400222135963436
1249 0.025631834971802835
1250 0.04852105998125609
1251 0.03237598162687509
1252 0.0527483399196436
1253 0.005162441705642717
1254 0.05149232442652434
1255 2.4896114039022288e-05
1256 0.0009437255067016713
1257 0.12923275581430455
1258 0.029713267496694416
1259 0.0018992129326134263
1260 0.02259831108676876
1261 4.786586965158334e-06
1262 0.07232159268785468
1263 0.12009289200724861
1264 0.014011777012051566
1265 0.03673153024731356
1266 0.0028341969380889253
1267 0.027817767205181917
1268 0.04301675915645918
1269 0.006635715661257655
1270 0.015676259424361537
1271 0.005961226713292983
1272 0.04596142587676284
1273 0.1279837390641138
1274 0.001448143954227462
1275 0.0016996343605755184
1276 0.007491271646578989
1277 0.0024718338206395182
1278 0.08859178351857751
1279 0.0021170097317066545
1280 0.005238552910794286
1281 0.042697945188551634
1282 0.001084753729001205
1283 0.0034865690540346944
1284 0.014353046038513265
1285 0.0052030141981427944
1286 0.15392611863662883
1287 0.034667372467664444
1288 0.01845304980944058
1289 0.02854662349686268
1290 0.05728483869049039
1291 0.015884351925787563
1292 0.08296186197425352
1293 0.09904062925595004
1294 0.08146688876647605
1295 0.010086014980099105
1296 0.029129652070041367
1297 0.00020593880059331204
1298 0.041867291138468724
1299 0.02773045450561256
1300 0.03078520143226034
1301 0.0564102997952598
1302 0.008700050069027224
1303 0.042171794490373324
1304 0.016377478120499427
1305 0.17302668118275924
1306 0.02510347249159622
1307 0.001633870168800803
1308 0.000775628990102616
1309 0.012011151258053528
1310 0.013944783062651298
1311 0.0009555949128057479
1312 0.01335452227553786
1313 0.01259657711680867
1314 0.055397556560280996
1315 0.001168585309550785
1316 0.004644515888181505
1317 0.016800906224865495
1318 0.0713326027097473
1319 0.06525014246564348
1320 0.0041523182053689505
1321 1.2514480527524219e-05
1322 0.03846785061443779
1323 8.692487529469048e-05
1324 0.0029045971575669257
1325 0.003757600147893211
1326 4.74251442915646e-05
1327 0.021685141103533787
1328 0.0009844029509736003
1329 0.009819980085278898
1330 0.019824968658678613
1331 0.05556809920523395
1332 0.0031331112411186455
1333 0.050005163293988124
1334 0.002086776985947726
1335 0.0010001207534172487
1336 0.09102697688638517
1337 0.02852015239906641
1338 3.356806638277347e-10
1339 0.025146828726517377
1340 0.02906198232931528
1341 0.005019024818931903
1342 0.01794826020410429
1343 0.04025732010753354
1344 2.903132952011685e-05
1345 0.035871855813801964
1346 0.005576725150745904
1347 0.15825762444066954
1348 0.0006798457430472611
1349 0.0022209908105710135
1350 0.003493081667676509
1351 0.005394504479313785
1352 7.857116898003397e-06
1353 0.017705372013108903
1354 0.009020429915381866
1355 0.031203050886539522
1356 0.004347074633125561
1357 0.21065740632891275
1358 0.00016286243945783256
1359 0.19655789135156096
1360 0.0006455825496017442
1361 0.006019620730743501
1362 0.0017505762109544334
1363 0.0037422675197209226
1364 0.08326594715474679
1365 0.006284122781412359
1366 0.0016754908618353283
1367 0.04591123564454937
1368 0.017708934940213732
1369 0.05628173743602584
1370 0.00162358048040959
1371 0.04271169079959521
1372 0.006865979566042612
1373 0.0007656012794105641
1374 0.026277065453567137
1375 0.02009734146813457
1376 0.04757764490690279
1377 0.006772188014695263
1378 0.11312618009180207
1379 0.0003646397995215907
1380 7.981583947278398e-05
1381 0.011461790097912273
1382 0.006242804568503082
1383 0.02719686461297058
1384 0.008388997957209036
1385 0.023758277226660518
1386 0.04015886887979339
1387 2.6136251028893797e-05
1388 0.11065278833174466
1389 0.029325355746518504
1390 0.019251597562605537
1391 0.006543220583831665
1392 0.004046499961949549
1393 0.006441360417835263
1394 0.00880561234355977
1395 0.004324177452600058
1396 0.0042896792555490535
1397 6.45008175363159e-05
1398 0.05479976997286876
1399 0.04245863326049662
1400 0.001637286177544617
1401 0.03404646128388771
1402 0.0478742970330377
1403 0.005695061708077429
1404 0.029368320699305284
1405 0.00244297584447675
1406 nan
1407 nan
1408 nan
1409 nan
1410 nan
1411 nan
1412 nan
1413 nan
1414 nan
1415 nan
1416 nan
1417 nan
1418 nan
1419 nan
1420 nan
1421 nan
1422 nan
1423 nan
1424 nan
1425 nan
1426 nan
1427 nan
1428 nan
1429 nan
1430 nan
1431 nan
1432 nan
1433 nan
1434 nan
1435 nan
1436 nan
1437 nan
1438 nan
1439 nan
1440 nan
1441 nan
1442 nan
1443 nan
1444 nan
1445 nan
1446 nan
1447 nan
1448 nan
1449 nan
1450 nan
1451 nan
1452 nan
1453 nan
1454 nan
1455 nan
1456 nan
1457 nan
1458 nan
1459 nan
1460 nan
1461 nan
1462 nan
1463 nan
1464 nan
1465 nan
1466 nan
1467 nan
1468 nan
1469 nan
1470 nan
1471 nan
1472 nan
1473 nan
1474 nan
1475 nan
1476 nan
1477 nan
1478 nan
1479 nan
1480 nan
1481 nan
1482 nan
1483 nan
1484 nan
1485 nan
1486 nan
1487 nan
1488 nan
1489 nan
1490 nan
1491 nan
1492 nan
1493 nan
1494 nan
1495 nan
1496 nan
1497 nan
1498 nan
1499 nan
1500 nan
1501 nan
1502 nan
1503 nan
1504 nan
1505 nan
1506 nan
1507 nan
1508 nan
1509 nan
1510 nan
1511 nan
1512 nan
1513 nan
1514 nan
1515 nan
1516 nan
1517 nan
1518 nan
1519 nan
1520 nan
1521 nan
1522 nan
1523 nan
1524 nan
1525 nan
1526 nan
1527 nan
1528 nan
1529 nan
1530 nan
1531 nan
1532 nan
1533 nan
1534 nan
1535 nan
1536 nan
1537 nan
1538 nan
1539 nan
1540 nan
1541 nan
1542 nan
1543 nan
1544 nan
1545 nan
1546 nan
1547 nan
1548 nan
1549 nan
1550 nan
1551 nan
1552 nan
1553 nan
1554 nan
1555 0.006716816316155282
1556 0.04419760006303744
1557 0.043317928921388346
1558 0.06366776484805578
1559 0.08594757526549174
1560 0.046345602198388756
1561 0.11270316616682328
1562 3.2638335305848617e-06
1563 0.5162335097451648
1564 0.2026821721578275
1565 0.005019769210636301
1566 0.2080454846042545
1567 0.0019096870393835927
1568 0.13002541278486113
1569 0.15516523352574102
1570 0.195747900188751
1571 0.08886580484473684
1572 3.438142966765252e-05
1573 0.042204364561643996
1574 0.05257513215000234
1575 0.02152373613049635
1576 0.06992266129092321
1577 0.07162514666888593
1578 0.0047938072543332174
1579 0.00014036304458376283
1580 0.060729323584636015
1581 0.030044258364653787
1582 0.0651453125422534
1583 0.0010469650494174722
1584 0.0005595193768444948
1585 0.03465367804768012
1586 0.0024409187139811522
1587 0.006309349261122677
1588 0.004942210348904561
1589 0.005094938803501242
1590 8.930460965878515e-05
1591 0.0008609446870408068
1592 0.07163649189583463
1593 0.1775055122374378
1594 0.003786650909721112
1595 0.0022485090929887943
1596 0.0016174662022686156
1597 0.010050611087099107
1598 0.05402669296981568
1599 0.014085137214140573
1600 0.0413107905686094
1601 0.05439593955523301
1602 0.19718139111536834
1603 0.027776953597894553
1604 0.06327395762143397
1605 0.04516861395776319
1606 0.07708758867057065
1607 0.02544675776697277
1608 0.02250334645544507
1609 0.003272139817876008
1610 0.02791120092384161
1611 0.0008651297774133563
1612 0.06594645593758175
1613 0.07164760565523112
1614 0.1528287421388648
1615 0.009145693089083706
1616 0.0028811444174309067
1617 0.008939806821115668
1618 0.21287386332291022
1619 0.00975656009564308
1620 0.0038524023125974067
1621 0.027514674400135244
1622 0.007554638110216159
1623 0.01504265140842218
1624 0.000612686915835758
1625 0.017681365899643538
1626 0.04206551324967645
1627 4.102043900231612e-05
1628 0.020542505300260864
1629 0.023617780439522687
1630 0.04654648248834653
1631 0.05680107275818461
1632 0.12819698333574045
1633 0.027401320647000973
1634 0.011152214015327538
1635 0.03747507730341758
1636 0.03162356716459263
1637 0.0038091526091821835
1638 0.00024491156932193
1639 0.001066272538133954
1640 0.002101928864202915
1641 0.0075105061803673635
1642 0.012108530460669356
1643 0.0019264576859988583
1644 0.013242315401554437
1645 0.027757588209365035
1646 1.0812681114315543e-09
1647 4.368255323906951e-05
1648 0.0001939318376297337
1649 0.0075845209050852125
1650 0.04457358895132539
1651 0.03532410287362889
1652 9.750456901123965e-05
1653 0.03822854107967362
1654 0.02692257712456229
1655 0.06313464853203288
1656 0.1836958928114597
1657 0.026305041933102225
1658 0.00886562659202503
1659 0.058699321929936814
1660 0.00011035277338441135
1661 0.00012047256118121842
1662 0.04111470454736571
1663 0.011191174740093037
1664 0.04398924426717174
1665 0.12053643295418955
1666 0.00961758022447583
1667 0.004831085275803265
1668 0.05185920028449595
1669 0.0001763208443532065
1670 0.06541600910563099
1671 0.11214492423405183
1672 0.0014159437568567626
1673 0.00016710153754514984
1674 0.10114571416001135
1675 0.08327278168518713
1676 0.0007430329969805246
1677 0.03781922624667369
1678 0.04631646121286184
1679 0.007152662350126764
1680 0.06076922134667718
1681 0.03760588263685356
1682 0.0006506178091863728
1683 0.01739573306195667
1684 0.01405709039872103
1685 0.13221185892336873
1686 0.015245029951191372
1687 0.009361100711019754
1688 0.008540902270839566
1689 0.0008623636144933906
1690 0.07775364536850322
1691 0.010178929625022924
1692 0.020283890573132554
1693 0.01262603875848642
1694 0.0018465270278609617
1695 0.04485009676533595
1696 0.0013586666364855113
1697 0.06286948891160493
1698 0.02060766708614192
1699 0.015589730823480884
1700 0.08884048506501692
1701 0.01629922076523144
1702 0.014078264284248642
1703 0.019195910459312918
1704 0.018998401335619294
1705 0.035860948391881996
1706 0.06497271771754427
1707 0.01470548896181931
1708 7.973518624443944e-06
1709 0.11778804970534687
1710 0.076456382831173
1711 0.007749312411334596
1712 0.003496467284253749
1713 0.0867332291715675
1714 0.001930504263867263
1715 0.045043066744398425
1716 0.05515064163353824
1717 0.006609765649604297
1718 0.005392089000093302
1719 0.08363387268626224
1720 0.09732544572920078
1721 0.015636945304743646
1722 0.016420106962169778
1723 0.01228899878876863
1724 0.013382891194974529
1725 0.022540929010336545
1726 0.007404871113923927
1727 0.001083659068378544
1728 0.025771603279587434
1729 0.09533004614606207
1730 0.10942116333214706
1731 0.0035475697597238246
1732 0.0034508119730402606
1733 0.003717491691716075
1734 0.014698942290083252
1735 0.10934632678884722
1736 0.005485608560229866
1737 0.0023285803042046175
1738 0.0031089321457703034
1739 0.00036222751054795093
1740 0.017064065384002753
1741 0.02930815368566822
1742 0.034974905134838814
1743 0.1056831423433583
1744 0.011244520789790208
1745 8.383189956484582e-05
1746 0.10573645367114903
1747 0.0349926136183836
1748 0.004749861030545738
1749 0.02018822274132042
1750 0.018055463546730273
1751 0.03397406435631519
1752 0.003502375195597646
1753 0.010704106963609203
1754 0.001959760160612213
1755 1.8984633850041505e-05
1756 0.026117503291148064
1757 6.613193492337085e-06
1758 0.0003339563753502502
1759 0.07043931678409214
1760 0.09616878164448357
1761 0.00010480159609782072
1762 0.0012415728800079218
1763 0.015173564246356854
1764 0.0045395126175251255
1765 0.05621253736732402
1766 0.026360060186280232
1767 0.02154654144789806
1768 0.020241187877308404
1769 0.0005755389517731821
1770 0.023080867119542218
1771 nan
1772 nan
1773 nan
1774 nan
1775 nan
1776 nan
1777 nan
1778 nan
1779 nan
1780 nan
1781 nan
1782 nan
1783 nan
1784 nan
1785 nan
1786 nan
1787 nan
1788 nan
1789 nan
1790 nan
1791 nan
1792 nan
1793 nan
1794 nan
1795 nan
1796 nan
1797 nan
1798 nan
1799 nan
1800 nan
1801 nan
1802 nan
1803 nan
1804 nan
1805 nan
1806 nan
1807 nan
1808 nan
1809 nan
1810 nan
1811 nan
1812 nan
1813 nan
1814 nan
1815 nan
1816 nan
1817 nan
1818 nan
1819 nan
1820 nan
1821 nan
1822 nan
1823 nan
1824 nan
1825 nan
1826 nan
1827 nan
1828 nan
1829 nan
1830 nan
1831 nan
1832 nan
1833 nan
1834 nan
1835 nan
1836 nan
1837 nan
1838 nan
1839 nan
1840 nan
1841 nan
1842 nan
1843 nan
1844 nan
1845 nan
1846 nan
1847 nan
1848 nan
1849 nan
1850 nan
1851 nan
1852 nan
1853 nan
1854 nan
1855 nan
1856 nan
1857 nan
1858 nan
1859 nan
1860 nan
1861 nan
1862 nan
1863 nan
1864 nan
1865 nan
1866 nan
1867 nan
1868 nan
1869 nan
1870 nan
1871 nan
1872 nan
1873 nan
1874 nan
1875 nan
1876 nan
1877 nan
1878 nan
1879 nan
1880 nan
1881 nan
1882 nan
1883 nan
1884 nan
1885 nan
1886 nan
1887 nan
1888 nan
1889 nan
1890 nan
1891 nan
1892 nan
1893 nan
1894 nan
1895 nan
1896 nan
1897 nan
1898 nan
1899 nan
1900 nan
1901 nan
1902 nan
1903 nan
1904 nan
1905 nan
1906 nan
1907 nan
1908 nan
1909 nan
1910 nan
1911 0.06449665599425837
1912 0.039913855814998574
1913 0.005758252474704547
1914 0.5001000153844671
1915 0.039372039967922316
1916 0.32282182582513497
1917 0.10782662752396582
1918 0.5671658719937851
1919 0.5476910648767751
1920 0.6316340781696766
1921 0.5095863932153052
1922 0.08779392854032649
1923 0.34920807912104207
1924 0.039650050781883446
1925 0.03438981888459634
1926 0.05357043739009107
1927 3.238586718652363e-05
1928 0.010825618659747025
1929 0.03434580592941493
1930 0.12586270988287332
1931 0.004444327508147798
1932 0.022729202554161016
1933 0.028960357412303756
1934 0.020048711062234617
1935 0.014457141992178641
1936 0.038335912547045825
1937 0.0004977042241351333
1938 0.03294655261621456
1939 0.00032754980137192526
1940 0.0017306652363830951
1941 0.010671246310210023
1942 0.02441985625084865
1943 0.012495864077048485
1944 0.010938898314029505
1945 0.014852032930837918
1946 0.04794187462825063
1947 0.006595488264023236
1948 0.0008506214243802925
1949 0.0001256869808406513
1950 0.0024995335124748043
1951 0.001590388495753233
1952 0.014331188426146516
1953 0.010815084329227764
1954 0.09161608408698137
1955 0.0006116240040144293
1956 0.003114841559031768
1957 0.0790043961623748
1958 0.12105713998533933
1959 0.020809798429320524
1960 0.0053241599743758285
1961 0.02716466300279684
1962 0.0013856441464262664
1963 0.0637095218090277
1964 0.018310078226536828
1965 0.09534255020243082
1966 0.045074850208912956
1967 0.00834064736242755
1968 0.003941930725233983
1969 0.0361796210014812
1970 0.003934040561097407
1971 0.005423806857985691
1972 0.03634951792274892
1973 0.051575954669638574
1974 0.0027621080381574005
1975 0.0008686104081999339
1976 0.05210539071089198
1977 0.0371484150531536
1978 0.0020549101691222094
1979 0.017265683205142175
1980 0.004082891005614575
1981 0.023140394862463633
1982 0.0022653617524114036
1983 0.014236699208364281
1984 0.0004467383481646723
1985 0.012533173480221125
1986 0.00013683009006659167
1987 0.07690693997826743
1988 0.09766853405665682
1989 0.03832257062080006
1990 0.09336931837440711
1991 0.0015229635585562726
1992 0.007421170524930198
1993 0.011070298185126943
1994 0.06144871444585318
1995 0.007402031221806481
1996 0.0033796080087422293
1997 0.007488607704886723
1998 0.046848311470994004
1999 0.025296920806179807
2000 0.00047695570944590663
2001 0.04675936249596256
2002 0.0019486405776982876
2003 0.05188387542650715
2004 0.034010369718234665
2005 0.048095233774706855
2006 0.00577225253371968
2007 0.09147724326784577
2008 0.009363884273249372
2009 0.004885838022280114
2010 0.0003184997263909659
2011 0.0019441677494678883
2012 0.0005784336032343333
2013 0.07502561121740754
2014 0.03217293933589805
2015 0.10112110102644138
2016 0.017953547165800967
2017 0.03349420794355376
2018 0.0720109616653728
2019 0.0715902934972304
2020 0.011431302269656215
2021 0.03621244373474901
2022 0.0673670909097013
2023 0.012673101824528087
2024 0.05908994474268916
2025 0.029395574611862357
2026 0.06246861082934269
2027 0.0026879875575427804
2028 0.019783847115184983
2029 0.10675915227842175
2030 0.08814569661462623
2031 0.06831449361198773
2032 0.008978834706177856
2033 0.03713344612004884
2034 0.03041988832020996
2035 0.016230126473137152
2036 0.016064758964080703
2037 0.032135472440052326
2038 0.01907889111776747
2039 0.02901096111250538
2040 0.0022789224956447068
2041 0.028453895550118975
2042 0.0015312654216513859
2043 0.10324108021580718
2044 0.027376840570106788
2045 0.02000058159849246
2046 0.028184663773709318
2047 0.006848379115880788
2048 0.029707461862202397
2049 0.0011557927101863085
2050 0.020493271408200196
2051 0.0009607405106935757
2052 0.015514612080362979
2053 0.12089831468863563
2054 0.029956420168658682
2055 0.0032863813810368103
2056 0.04767352378577865
2057 0.00351101771929503
2058 0.011911346095017065
2059 0.043575608229100046
2060 0.028923178278866153
2061 0.006438048348986849
2062 0.039108365101211844
2063 0.03627408023425779
2064 0.05013307881236155
2065 0.03332200037622567
2066 0.00037115498682474595
2067 0.03691927003617984
2068 0.03970033504237726
2069 0.0033296306611736125
2070 0.0008553181276666245
2071 0.051244408915469754
2072 0.0035762194421947733
2073 0.01204324945454007
2074 0.017476553833440423
2075 0.03949768359844761
2076 0.11923542459784246
2077 0.001116882688196062
2078 0.007392004229777453
2079 0.029738760948368616
2080 0.03359471760578245
2081 0.08325363712905534
2082 0.03373740594755455
2083 0.001543514201000316
2084 4.688749212369688e-05
2085 0.02425058042238785
2086 6.202744955867836e-05
2087 0.009872053663901927
2088 6.984984449236332e-05
2089 0.00551528625920794
2090 0.020225107427850508
2091 0.012744181263357881
2092 0.04040056671525928
2093 0.0035908249374752297
2094 0.03184714521233249
2095 0.001712068357144114
2096 0.0006312976995034251
2097 0.017992168721013713
2098 0.040379639224966554
2099 0.024104453548851573
2100 0.015818766491414178
2101 1.261693784964438e-05
2102 0.0002613244732014505
2103 0.04349633166912992
2104 0.03586358840290845
2105 0.024040228551582513
2106 0.10914481058034488
2107 0.0022318454768070627
2108 0.11341912112320257
2109 0.15887675041240865
2110 0.002215066805898628
2111 0.00031454447391110485
2112 0.03249391642818327
2113 0.0008377169501890824
2114 0.019313691625111002
2115 0.024782041730824912
2116 0.1678506796792112
2117 1.7356153419009972e-11
2118 0.005680681795350757
2119 0.06292620087475714
2120 0.014659732549504057
2121 0.03449539905656631
2122 0.04188889091194379
2123 0.02058552384286463
2124 0.00016553389718809206
2125 0.05985827285343815
2126 0.0044402764826030625
2127 0.09668159077534921
2128 0.1905296598319697
2129 0.003841407617626853
2130 0.06497172353293161
2131 0.0031961260471502976
2132 9.307184430199556e-08
2133 0.017385652439194994
2134 0.03750097633692971
2135 0.05936494978454686
2136 nan
2137 nan
2138 nan
2139 nan
2140 nan
2141 nan
2142 nan
2143 nan
2144 nan
2145 nan
2146 nan
2147 nan
2148 nan
2149 nan
2150 nan
2151 nan
2152 nan
2153 nan
2154 nan
2155 nan
2156 nan
2157 nan
2158 nan
2159 nan
2160 nan
2161 nan
2162 nan
2163 nan
2164 nan
2165 nan
2166 nan
2167 nan
2168 nan
2169 nan
2170 nan
2171 nan
2172 nan
2173 nan
2174 nan
2175 nan
2176 nan
2177 nan
2178 nan
2179 nan
2180 nan
2181 nan
2182 nan
2183 nan
2184 nan
2185 nan
2186 nan
2187 nan
2188 nan
2189 nan
2190 nan
2191 nan
2192 nan
2193 nan
2194 nan
2195 nan
2196 nan
2197 nan
2198 nan
2199 nan
2200 nan
2201 nan
2202 nan
2203 nan
2204 nan
2205 nan
2206 nan
2207 nan
2208 nan
2209 nan
2210 nan
2211 nan
2212 nan
2213 nan
2214 nan
2215 nan
2216 nan
2217 nan
2218 nan
2219 nan
2220 nan
2221 nan
2222 nan
2223 nan
2224 nan
2225 nan
2226 nan
2227 nan
2228 nan
2229 nan
2230 nan
2231 nan
2232 nan
2233 nan
2234 nan
2235 nan
2236 nan
2237 nan
2238 nan
2239 nan
2240 nan
2241 nan
2242 nan
2243 nan
2244 nan
2245 nan
2246 nan
2247 nan
2248 nan
2249 nan
2250 nan
2251 nan
2252 nan
2253 nan
2254 nan
2255 nan
2256 nan
2257 nan
2258 nan
2259 nan
2260 nan
2261 nan
2262 nan
2263 nan
2264 nan
2265 nan
2266 nan
2267 nan
2268 nan
2269 nan
2270 nan
2271 0.23913217357219047
2272 0.26524218518827813
2273 0.08979897553546429
2274 0.3707974605092778
2275 0.8701339405403739
2276 0.41745276963842526
2277 0.6315397081032467
2278 0.09286845094173658
2279 0.14533171781535106
2280 0.12037280465863828
2281 0.1169575828674789
2282 0.13257798601621923
2283 0.008982152015062193
2284 0.05438341962693875
2285 0.03241537309253536
2286 0.03312266466754906
2287 0.026959364385982457
2288 0.048233847175187756
2289 0.01646467189797651
2290 4.752312732365055e-05
2291 0.020864374479476967
2292 0.04704484682964607
2293 0.0016854969534914818
2294 0.003381401961448051
2295 0.04477440895060503
2296 0.042656550664490867
2297 0.01861691754404106
2298 0.01644811228281258
2299 8.376854542815017e-06
2300 0.00102029914885594
2301 0.0004773578450900651
2302 0.00022123612265679808
2303 0.004052204554740112
2304 0.0015222166064968094
2305 0.0020909404594526746
2306 0.018021134224243146
2307 0.0013037951929842483
2308 8.348799052312843e-05
2309 0.0003132561319247064
2310 0.0019679357993120025
2311 0.020196829094545454
2312 0.02530491771975119
2313 0.0038356154770972438
2314 0.031003577970616692
2315 0.07371141744446232
2316 0.035178890146840294
2317 0.02641225729971778
2318 1.682789411131924e-05
2319 4.7472546764971896e-05
2320 0.012695619119091308
2321 0.0029294605182387068
2322 0.028807549372198617
2323 0.0028829964455227607
2324 0.004377575386068726
2325 0.052480396035010334
2326 0.0008212999128194917
2327 5.098018538394545e-05
2328 0.12237867888391901
2329 0.007556734440603246
2330 0.000877459252146594
2331 0.002517963591047044
2332 0.0060649385971018165
2333 0.02032984649293592
2334 0.0008364211760375661
2335 0.0025691456217630197
2336 4.14772815211741e-05
2337 0.0019492649468669115
2338 0.08779650242683402
2339 0.0636479104498488
2340 0.015791337778261055
2341 0.052453673366556694
2342 9.42955978380578e-05
2343 0.015747825174597458
2344 0.011900722777647484
2345 0.025979357110859608
2346 8.093701860416318e-06
2347 0.004041044959994148
2348 0.05540425972063663
2349 0.0105262295691256
2350 0.004692058225403492
2351 3.896628796730253e-06
2352 0.011335176440115809
2353 0.029389509055712876
2354 0.015051209961851341
2355 8.138238043251202e-05
2356 0.03705380981968529
2357 0.06453115904874956
2358 0.012666061485843198
2359 0.013382778547477034
2360 0.004582712063366076
2361 0.03795035852842271
2362 0.0018088239242598449
2363 0.06768484093647609
2364 0.02309338575454684
2365 0.10613114223954975
2366 0.02513429324675127
2367 0.051053281326976466
2368 0.0002300298007148656
2369 0.0030774383466969694
2370 0.0010117210443792751
2371 0.017630693981697528
2372 0.020281876342180746
2373 0.05824065619728972
2374 0.12896551392801042
2375 0.00039071865321235754
2376 0.0007810634888227383
2377 0.0004497162616189974
2378 0.01471837610337585
2379 0.007199394129621466
2380 0.015249643917232495
2381 0.004994349988178189
2382 0.01188326710286561
2383 0.030441862563614266
2384 7.655931338001806e-05
2385 0.019052939427779525
2386 0.007144751054691262
2387 0.028131919197688305
2388 0.006665992511526214
2389 0.03574416450082478
2390 0.0022861333502549454
2391 0.050177868204436885
2392 0.01662760806376348
2393 0.006922717651481966
2394 0.036530613197185154
2395 0.023035562285515346
2396 0.002231736451752122
2397 0.00023033990463157818
2398 5.549857932708153e-05
2399 0.024803750402438565
2400 0.00023483433961978464
2401 0.008752727450158199
2402 0.0028538674015200203
2403 0.018750199506014226
2404 0.002050752619768943
2405 0.006216591207576624
2406 0.0054009522023531495
2407 0.01263848395728855
2408 0.0061189020363107225
2409 0.002713056480850282
2410 0.011239405636869891
2411 0.007892642533817119
2412 0.0009187000699505013
2413 0.03413767575433516
2414 0.006905990756402869
2415 0.00378480766748423
2416 0.023608428740562456
2417 0.0007203065357256341
2418 0.006448743242133016
2419 0.029283494509208093
2420 0.0023809687714854617
2421 0.004391041496079411
2422 0.008528856284040858
2423 0.0363964026148602
2424 0.11128733147077811
2425 0.00055479566866973
2426 0.0032560332471865284
2427 0.00653241794290315
2428 0.01965372768081635
2429 0.0011157133998411753
2430 0.008504473892491113
2431 0.052080408305890454
2432 1.4005941020077937e-06
2433 0.003896735181492541
2434 0.03524646194471027
2435 0.04436977923226057
2436 0.028021207082103032
2437 0.02065432602216412
2438 3.0402530109326815e-05
2439 0.09773077357334585
2440 0.025608573004249492
2441 0.025219347349862913
2442 0.0026035405404246873
2443 0.0029157369653664894
2444 0.0005639844876053574
2445 0.024739853506565577
2446 0.005387254548057487
2447 0.07909140289257395
2448 0.0022938658674051234
2449 0.10221500232659957
2450 0.02350692108441219
2451 0.05479542223076963
2452 0.0014112415832773161
2453 0.017543045013059137
2454 0.01641348042216054
2455 0.04516274500418421
2456 0.004521433279508218
2457 0.002620090072829904
2458 0.016214665468110994
2459 0.0007510841280515071
2460 0.0008761783121127934
2461 0.008337681531708104
2462 0.018607536063488195
2463 0.001571761156029754
2464 0.008207457891144245
2465 0.00216158991848593
2466 0.04467640227802236
2467 0.030059374000058196
2468 0.08930571573790504
2469 0.019734692324456262
2470 0.0003847518582925569
2471 0.012240701773861482
2472 0.02450438592460796
2473 0.01425597525527247
2474 0.008423909130495094
2475 0.024629610279515813
2476 0.009418522876665551
2477 0.057394828703742344
2478 0.006647808159595243
2479 0.0006849365462243966
2480 0.00112251343661536
2481 0.0025046676038573417
2482 0.006672991301836137
2483 0.05859797288060935
2484 0.0009118386743452658
2485 0.0015029051477525642
2486 0.0021794171137304655
2487 0.025329948226423617
2488 0.11131997495499112
2489 0.0024478016096098417
2490 0.10926604745152813
2491 0.012360388886050133
2492 0.002636898530161332
2493 0.006176716637498439
2494 0.012354870129918757
2495 0.012913167393726811
2496 0.018277049721319844
2497 0.012171702606176331
2498 0.00017992559654984118
2499 0.01625964674394825
2500 0.016113096098835378
2501 nan
2502 nan
2503 nan
2504 nan
2505 nan
2506 nan
2507 nan
2508 nan
2509 nan
2510 nan
2511 nan
2512 nan
2513 nan
2514 nan
2515 nan
2516 nan
2517 nan
2518 nan
2519 nan
2520 nan
2521 nan
2522 nan
2523 nan
2524 nan
2525 nan
2526 nan
2527 nan
2528 nan
2529 nan
2530 nan
2531 nan
2532 nan
2533 nan
2534 nan
2535 nan
2536 nan
2537 nan
2538 nan
2539 nan
2540 nan
2541 nan
2542 nan
2543 nan
2544 nan
2545 nan
2546 nan
2547 nan
2548 nan
2549 nan
2550 nan
2551 nan
2552 nan
2553 nan
2554 nan
2555 nan
2556 nan
2557 nan
2558 nan
2559 nan
2560 nan
2561 nan
2562 nan
2563 nan
2564 nan
2565 nan
2566 nan
2567 nan
2568 nan
2569 nan
2570 nan
2571 nan
2572 nan
2573 nan
2574 nan
2575 nan
2576 nan
2577 nan
2578 nan
2579 nan
2580 nan
2581 nan
2582 nan
2583 nan
2584 nan
2585 nan
2586 nan
2587 nan
2588 nan
2589 nan
2590 nan
2591 nan
2592 nan
2593 nan
2594 nan
2595 nan
2596 nan
2597 nan
2598 nan
2599 nan
2600 nan
2601 nan
2602 nan
2603 nan
2604 nan
2605 nan
2606 nan
2607 nan
2608 nan
2609 nan
2610 nan
2611 nan
2612 nan
2613 nan
2614 nan
2615 nan
2616 nan
2617 nan
2618 nan
2619 nan
2620 nan
2621 nan
2622 nan
2623 nan
2624 nan
2625 nan
2626 nan
2627 nan
2628 nan
2629 nan
2630 nan
2631 nan
2632 nan
2633 nan
2634 nan
2635 nan
2636 nan
2637 nan
2638 nan
2639 nan
2640 nan
2641 nan
2642 nan
2643 nan
2644 7.011649622081615e-05
2645 0.18734398913722716
2646 0.016407103798173554
2647 0.42053134701003697
2648 0.01464697878196003
2649 0.4121904378698788
2650 0.11941982578952325
2651 0.03498795636196718
2652 0.6483891097176082
2653 0.7420678358751882
2654 0.17918181925009438
2655 0.13287492019259053
2656 0.045966406139620636
2657 0.029034455448652893
2658 0.04000118144742529
2659 0.08294143878936776
2660 0.1654349057811096
2661 0.03761437103430881
2662 0.04051625622223147
2663 0.0012245517582418117
2664 0.016485691677511762
2665 0.001128042097861771
2666 0.03776251782896533
2667 0.02990567156732053
2668 0.09118795813803558
2669 0.007172328775986843
2670 0.00687695212652813
2671 0.0061730794882756896
2672 0.030486007948880456
2673 0.0076087424224709965
2674 0.05732861442687808
2675 0.023829389821854976
2676 0.04345274758438327
2677 0.042430837324513276
2678 0.0094640378720387
2679 0.007151400331114942
2680 0.04207967873405873
2681 0.00034451853085719353
2682 0.002090875749811237
2683 0.015128973241786338
2684 0.02261711996308294
2685 0.05583272893732191
2686 0.0037743658518249535
2687 0.0006779904792618061
2688 0.0023769817007262763
2689 0.009346337992912674
2690 0.01697008832022624
2691 0.0007910487249090018
2692 0.00037049544175880405
2693 0.020149527447859115
2694 0.008206586447519829
2695 0.0002530288048677754
2696 0.005524541379202627
2697 0.017439392159476808
2698 0.011046577303802376
2699 0.027439084820168103
2700 0.01694111369865423
2701 0.008225895268178803
2702 0.0054451314193750605
2703 0.0036013581557721016
2704 0.01772581703412656
2705 0.005741810238101715
2706 0.00445493294218338
2707 0.003986846808216888
2708 0.06668120069801975
2709 0.07089118320647776
2710 0.01302946798960229
2711 0.022292231540670865
2712 0.015811923678918854
2713 0.0013308140472079518
2714 0.009067708490756537
2715 0.05919891658657539
2716 0.010650731864124387
2717 0.020196394761095072
2718 0.12528930366867821
2719 0.0014859898015160294
2720 0.002258444707885706
2721 0.00014131111703299785
2722 0.013590966143147712
2723 0.015604437531093288
2724 0.0019438409082218541
2725 0.012048062312617598
2726 0.013071434684312024
2727 0.0011949527158309598
2728 0.0061127710701025925
2729 2.1499527711082205e-05
2730 0.003488718207128351
2731 0.05787213184123268
2732 0.02464356627180484
2733 0.0005766700609828642
2734 0.011878897782530306
2735 0.0005684211664451991
2736 0.007413677762252122
2737 0.0025945298078485393
2738 0.00024164310497377828
2739 0.0027489763958979925
2740 0.050965592209916886
2741 0.0005154903620906519
2742 0.00658635760661976
2743 1.795755435290817e-07
2744 0.047304908269312
2745 0.02913649644268422
2746 0.03050982524293824
2747 0.01125084269790629
2748 0.005819285461820025
2749 0.00453067609807875
2750 0.008724620274637936
2751 0.0001441252535347938
2752 0.022690024386229794
2753 0.0011749718984880731
2754 0.06676338369741464
2755 0.019732961207256716
2756 0.07024757849656571
2757 0.0879878800511088
2758 0.00693617957851967
2759 0.07172541996542775
2760 0.01228921026736
2761 0.0033555346113517785
2762 0.0010146833566326246
2763 0.016333701711533564
2764 0.024029339837896218
2765 0.006052701944345085
2766 0.014708003808820893
2767 8.502691869895377e-05
2768 0.07096986065227749
2769 0.005651573594249893
2770 0.03369176328800025
2771 0.001213903768649638
2772 0.00029805834550480405
2773 0.0016174811502668485
2774 0.00038774444897078604
2775 0.018823446840068574
2776 0.10850172281046548
2777 0.0566521299108269
2778 0.005001552811807268
2779 0.0027471145860258335
2780 0.03224058264699538
2781 0.01467656725434352
2782 0.00011733417190878298
2783 0.003765773278880431
2784 0.1538126221173287
2785 0.004386052338893082
2786 0.03872144297171541
2787 0.004246945228725029
2788 0.015593856617576824
2789 0.004337365524164247
2790 0.03014284332163184
2791 0.004532336628069645
2792 0.002145951519114271
2793 0.06167042748175413
2794 0.002746038927503135
2795 0.0011839236074530426
2796 5.720698603004758e-05
2797 6.0633883113703625e-05
2798 0.001397921172927169
2799 0.018230920156339824
2800 0.0007039387449076663
2801 0.006640214725120543
2802 0.006625295678772335
2803 0.024584607653365304
2804 0.024105200966234912
2805 0.011012016269541916
2806 8.73745918187884e-05
2807 0.03698902784865399
2808 0.0004501138893592175
2809 0.007104608587575912
2810 0.0024529641302112664
2811 0.003113816227918069
2812 0.015444729353282003
2813 0.00968280485872779
2814 0.020173580927386556
2815 0.07234832790325937
2816 0.002247791541873483
2817 0.02637607723635663
2818 0.004217739430346984
2819 0.00034378014605943627
2820 0.0011875322130478888
2821 0.031484815482852146
2822 1.2974149030148783e-07
2823 0.0033960865157799994
2824 0.009330020277547552
2825 0.002644474342543133
2826 0.03825215753097884
2827 0.06170418356999848
2828 0.0008007439201326885
2829 0.0038058948588773804
2830 0.035716042026887045
2831 0.025560857299377526
2832 0.0013523187716582548
2833 0.01290750030246576
2834 0.12408165829890597
2835 0.018966903261753907
2836 0.0005437596614606714
2837 0.0008513562877460162
2838 0.06608134970286558
2839 0.0039052761395128766
2840 0.0010357552176239741
2841 0.00593802618861279
2842 0.0016989636246473893
2843 0.0004594388477643867
2844 0.05531838104395766
2845 0.04798077966050436
2846 0.0009486582941895844
2847 0.0027248255423955488
2848 0.0008279826709661933
2849 0.008702859512341609
2850 9.842566542271611e-05
2851 0.0003220615083992364
2852 0.03969539805703027
2853 0.017398416974941697
2854 0.014426535482112864
2855 0.003035150015393088
2856 0.010873589969991868
2857 0.059787147778423234
2858 0.02716561636424275
2859 6.909861075484743e-05
2860 0.026917056605924337
2861 0.0057759085928222615
2862 0.040835893958095906
2863 0.09430668887241109
2864 0.11441339651142693
2865 0.00013267469052279034
2866 nan
2867 nan
2868 nan
2869 nan
2870 nan
2871 nan
2872 nan
2873 nan
2874 nan
2875 nan
2876 nan
2877 nan
2878 nan
2879 nan
2880 nan
2881 nan
2882 nan
2883 nan
2884 nan
2885 nan
2886 nan
2887 nan
2888 nan
2889 nan
2890 nan
2891 nan
2892 nan
2893 nan
2894 nan
2895 nan
2896 nan
2897 nan
2898 nan
2899 nan
2900 nan
2901 nan
2902 nan
2903 nan
2904 nan
2905 nan
2906 nan
2907 nan
2908 nan
2909 nan
2910 nan
2911 nan
2912 nan
2913 nan
2914 nan
2915 nan
2916 nan
2917 nan
2918 nan
2919 nan
2920 nan
2921 nan
2922 nan
2923 nan
2924 nan
2925 nan
2926 nan
2927 nan
2928 nan
2929 nan
2930 nan
2931 nan
2932 nan
2933 nan
2934 nan
2935 nan
2936 nan
2937 nan
2938 nan
2939 nan
2940 nan
2941 nan
2942 nan
2943 nan
2944 nan
2945 nan
2946 nan
2947 nan
2948 nan
2949 nan
2950 nan
2951 nan
2952 nan
2953 nan
2954 nan
2955 nan
2956 nan
2957 nan
2958 nan
2959 nan
2960 nan
2961 nan
2962 nan
2963 nan
2964 nan
2965 nan
2966 nan
2967 nan
2968 nan
2969 nan
2970 nan
2971 nan
2972 nan
2973 nan
2974 nan
2975 nan
2976 nan
2977 nan
2978 nan
2979 nan
2980 nan
2981 nan
2982 nan
2983 nan
2984 nan
2985 nan
2986 nan
2987 nan
2988 nan
2989 nan
2990 nan
2991 nan
2992 nan
2993 nan
2994 nan
2995 nan
2996 nan
2997 nan
2998 nan
2999 nan
3000 nan
3001 nan
3002 nan
3003 0.5244145926321746
3004 0.03876080177448238
3005 0.014850678927209078
3006 0.000248160110128625
3007 0.2752844361794751
3008 0.18227895905265606
3009 0.27851147726734565
3010 0.00017520670445312007
3011 0.19634806440892352
3012 0.3585341645212067
3013 0.6225738099175289
3014 0.2446351433277873
3015 0.22437296832683976
3016 0.049769586098177165
3017 0.14275934466567494
3018 0.09463321511530523
3019 0.10368202810326314
3020 0.014903794398427324
3021 0.14555997842653048
3022 0.044856806403375894
3023 0.05468178836078441
3024 0.0021051914334160775
3025 0.03840939300000518
3026 0.04091291382213748
3027 0.08205808783973034
3028 0.0058484911319424005
3029 3.6988874102045525e-05
3030 0.05055762969522994
3031 0.10178994363933744
3032 0.17729844346941398
3033 0.04562381745626962
3034 0.012105113790812798
3035 0.05787350360006773
3036 0.038410067841587146
3037 0.003769034846870234
3038 0.019980709596448064
3039 0.002043067995915694
3040 0.0865537262682772
3041 0.01133415675769187
3042 0.034269282156461064
3043 0.01376687194432394
3044 0.0037129559290770653
3045 0.01890972648192442
3046 0.02345090879686795
3047 0.016598445381121436
3048 8.714493615602623e-06
3049 0.032562147925910105
3050 0.0007612638830314309
3051 0.000815402366591098
3052 0.03703536688546782
3053 0.006778856368610453
3054 0.0008902592397447694
3055 0.10842149320816191
3056 0.0017425749674527342
3057 0.0006789226368270156
3058 0.022309347778756185
3059 0.0028007827454183854
3060 0.027039626586409495
3061 0.00793687834755794
3062 0.054668301386365345
3063 0.032761417757748504
3064 0.06191913982300178
3065 0.010331711824627825
3066 0.04874880893906739
3067 0.0018270900647349574
3068 0.00011477535475760984
3069 0.021109017199833786
3070 0.0032025928133330617
3071 0.030467651936106243
3072 0.007246188583192238
3073 0.0004748525708365292
3074 0.022586945121619947
3075 0.0016288283800628802
3076 0.06265823422914901
3077 0.022532728309782042
3078 0.08009275778690653
3079 0.04225516965797182
3080 0.05326155535980792
3081 0.009795695820541492
3082 0.00202164794528981
3083 0.033982443366196595
3084 0.0452683574134878
3085 0.0019806537146799994
3086 0.025609198869888217
3087 0.03740031975914355
3088 0.0002904817021837367
3089 0.024519731477436208
3090 0.021294335976693245
3091 0.010956295375678987
3092 0.025835679601483866
3093 0.005067328013585796
3094 0.004973460285533868
3095 0.0003531410195410529
3096 0.022743218829187
3097 0.01324742691272864
3098 0.003467070859240199
3099 0.006799324713760342
3100 0.0016320318089791854
3101 0.0006533254537142567
3102 0.06413852298710605
3103 0.00046565318575752726
3104 3.413259060483615e-05
3105 0.04420575422706776
3106 0.00463583580277565
3107 0.01233560209251282
3108 0.04653832605241793
3109 0.09205683287669153
3110 0.027100419560395987
3111 0.0050901958131941314
3112 0.020387038396029577
3113 0.012134161964361501
3114 0.011993214687308462
3115 0.00011237251309701319
3116 0.00508488524070704
3117 0.0635448108047579
3118 0.014454412626048402
3119 0.029112539861054818
3120 0.0034865013503390546
3121 0.04667342641665964
3122 0.025841671165280453
3123 0.010435973262705803
3124 0.0006073370202626533
3125 0.019901027436044952
3126 0.008565689506137421
3127 0.04399699430034432
3128 0.0017841839327177491
3129 1.7929535944092363e-05
3130 0.001625313868422203
3131 0.05046256507138508
3132 0.035541429770469916
3133 0.035473199185787306
3134 0.00016615516738161234
3135 0.0037800241286990712
3136 0.04530029781998312
3137 0.004211848656461712
3138 0.011805831639679349
3139 0.0958683162187498
3140 0.042677421879535514
3141 0.00016138044029328876
3142 0.038775571644781084
3143 0.024895963695984274
3144 0.0014701494834455015
3145 0.06920452085069627
3146 0.04481034196634934
3147 0.0332098466325137
3148 0.0581830335676304
3149 0.010156142689300133
3150 5.40297420059446e-06
3151 0.06007964812939157
3152 0.023782776968349736
3153 0.10948116806360897
3154 0.020114672259965168
3155 0.002620749968687705
3156 0.06113962419393163
3157 0.055534492386167096
3158 0.03873964960753394
3159 0.015205124852432292
3160 0.02687536440603504
3161 0.006118012666714512
3162 0.004091904344748643
3163 0.003843176558109792
3164 0.0056227268454032515
3165 0.0073242542098884604
3166 0.007080280714376031
3167 0.01717892949254177
3168 0.03403754339070531
3169 0.0244370200259673
3170 0.037931135550454805
3171 0.000391149628527677
3172 0.01127197132953156
3173 0.07264520862033241
3174 0.06042376897829622
3175 0.0033202421497750554
3176 0.14021780827801325
3177 0.1208423182603874
3178 0.06275557830454588
3179 0.022149009998478145
3180 0.019502407582048048
3181 0.00048282953666393236
3182 0.06632206039788628
3183 4.76311886457294e-05
3184 0.026715845570444218
3185 0.02208835418299168
3186 0.022361261245955437
3187 0.021985845781371808
3188 0.018429327878500074
3189 0.07583787043941943
3190 0.008988289902293613
3191 0.029201490981162252
3192 0.0015521803791870479
3193 0.040720288734663594
3194 0.004769905689930705
3195 8.153733718599229e-07
3196 0.0007956728323229174
3197 0.0020784247368633986
3198 0.09288682689833144
3199 0.015998633376458824
3200 0.01821190480252292
3201 0.00015149263470725033
3202 0.0006921927073961127
3203 0.0030298180826258746
3204 0.0023827366573107595
3205 0.0012043508692802514
3206 0.05824589953741102
3207 0.059250881968829994
3208 0.1268598885141918
3209 0.09274188569000898
3210 0.004794801970131412
3211 1.8938925815444216e-05
3212 0.0005357962322104609
3213 0.02257949599033494
3214 0.030417311897699507
3215 0.001107340183122387
3216 0.0019105180715224238
3217 0.048927783796679454
3218 0.0037082690258463005
3219 0.00598978640787362
3220 0.02578052366445178
3221 0.017575714068782753
3222 0.04137504564837322
3223 0.0026392244616274562
3224 0.00969039394870964
3225 0.011137115969480119
3226 0.003522051087614762
3227 0.019686299499153292
3228 0.04960185023287754
3229 0.04380215636207871
3230 0.011838014835134946
3231 nan
3232 nan
3233 nan
3234 nan
3235 nan
3236 nan
3237 nan
3238 nan
3239 nan
3240 nan
3241 nan
3242 nan
3243 nan
3244 nan
3245 nan
3246 nan
3247 nan
3248 nan
3249 nan
3250 nan
3251 nan
3252 nan
3253 nan
3254 nan
3255 nan
3256 nan
3257 nan
3258 nan
3259 nan
3260 nan
3261 nan
3262 nan
3263 nan
3264 nan
3265 nan
3266 nan
3267 nan
3268 nan
3269 nan
3270 nan
3271 nan
3272 nan
3273 nan
3274 nan
3275 nan
3276 nan
3277 nan
3278 nan
3279 nan
3280 nan
3281 nan
3282 nan
3283 nan
3284 nan
3285 nan
3286 nan
3287 nan
3288 nan
3289 nan
3290 nan
3291 nan
3292 nan
3293 nan
3294 nan
3295 nan
3296 nan
3297 nan
3298 nan
3299 nan
3300 nan
3301 nan
3302 nan
3303 nan
3304 nan
3305 nan
3306 nan
3307 nan
3308 nan
3309 nan
3310 nan
3311 nan
3312 nan
3313 nan
3314 nan
3315 nan
3316 nan
3317 nan
3318 nan
3319 nan
3320 nan
3321 nan
3322 nan
3323 nan
3324 nan
3325 nan
3326 nan
3327 nan
3328 nan
3329 nan
3330 nan
3331 nan
3332 nan
3333 nan
3334 nan
3335 nan
3336 nan
3337 nan
3338 nan
3339 nan
3340 nan
3341 nan
3342 nan
3343 nan
3344 nan
3345 nan
3346 nan
3347 nan
3348 nan
3349 nan
3350 nan
3351 nan
3352 nan
3353 nan
3354 nan
3355 nan
3356 nan
3357 nan
3358 nan
3359 nan
3360 nan
3361 0.32088906204104095
3362 0.1475876448014923
3363 0.24726646869448446
3364 0.06544496599471403
3365 0.12750257056700742
3366 0.004850587878761001
3367 0.14455559130265336
3368 0.009641680728015013
3369 0.3105979299024501
3370 0.6901004652215424
3371 0.29474674229905506
3372 0.13502116659971375
3373 0.05346531596655775
3374 0.18212123855688597
3375 0.152227560449668
3376 0.04774676244293641
3377 0.12304565021296231
3378 0.03515428449038172
3379 0.06375756919419792
3380 0.1559047910962944
3381 0.0007317949935631026
3382 0.005498817079624738
3383 0.11404184525388689
3384 0.04272049475824392
3385 0.013307704938070302
3386 0.008027876898563548
3387 0.08920052839234004
3388 0.0007082541020208608
3389 0.048518070490622414
3390 0.0553173687553277
3391 0.002414597591535707
3392 0.014265481768864725
3393 0.0034977700038333046
3394 0.008623844397480915
3395 0.03934941108783585
3396 0.004921446709314026
3397 0.021800333836991943
3398 0.050856768274577364
3399 0.006619045313746121
3400 0.03995821242962963
3401 0.031805140036191476
3402 0.0019924548806103245
3403 3.503020535181398e-07
3404 0.0008113036717308595
3405 0.017444158646500982
3406 0.006427676019404338
3407 0.0022126580143501085
3408 0.1024014370920099
3409 0.00021431540022679758
3410 0.002265395318090323
3411 0.008598332485687463
3412 0.00045849837115535455
3413 0.0010002821919995516
3414 0.000868035684763899
3415 0.008794517322478743
3416 0.00043011808707742584
3417 0.04141095426385813
3418 0.0052498027570914985
3419 0.06967171746858519
3420 0.07230596961563436
3421 8.938534695357573e-05
3422 0.002505333390052074
3423 0.0012827747560830594
3424 0.01149054366065929
3425 0.0001421436816009063
3426 0.05220665297973857
3427 0.00039841741488785506
3428 0.001279908506971503
3429 0.01952907720117682
3430 0.020242869981966557
3431 0.0013248702671279412
3432 0.0026089739928465833
3433 0.02957855966400533
3434 0.00411559225408718
3435 0.0019734388873083393
3436 0.010372688608608401
3437 0.00035244415683939877
3438 0.017624832576940194
3439 0.0014107925618003054
3440 0.0024793609691115964
3441 0.2827334552954159
3442 0.002748198915933202
3443 0.004216087541770809
3444 0.03297024785246505
3445 0.013448941221917872
3446 0.020439872969569353
3447 0.01248032003004654
3448 0.12235163721868828
3449 0.0018558304305523157
3450 0.07051340979052532
3451 0.06762567859448883
3452 0.0017725786002083957
3453 0.006987353735558418
3454 0.03964529098988817
3455 0.0030287737774634207
3456 0.0003880535588099869
3457 0.02724327772920657
3458 0.06225931599558964
3459 0.04092408719294082
3460 0.012468957204548567
3461 0.011878567672264206
3462 0.024631486394777344
3463 0.0030331619000201074
3464 0.0069504582843044165
3465 0.047945281016190694
3466 0.0009778471186420348
3467 0.0014108937455612719
3468 0.007014008683380362
3469 0.020847290175491848
3470 0.002268276671697913
3471 0.010596982216412755
3472 0.05638765936147847
3473 0.06229545169111217
3474 0.0004012700235692548
3475 0.03654054504076197
3476 0.10810605799291963
3477 0.00324050746596133
3478 0.009223886477818374
3479 0.0005588006963578942
3480 0.009620809289414412
3481 0.022241164751864474
3482 0.08224127286682556
3483 0.00015780639313876753
3484 0.061013246560284146
3485 8.656633399008985e-05
3486 0.004670789749782626
3487 7.75470726673354e-05
3488 0.00612051299577532
3489 0.031586588231727934
3490 0.0002621004758743808
3491 0.016541165065098777
3492 0.0022469802777313336
3493 0.0156717333395725
3494 0.07259227336064349
3495 0.0004770083876778529
3496 0.0010744692945497097
3497 0.02774271984904222
3498 0.0014692168683795978
3499 0.0010262258886582641
3500 3.7484053504223935e-05
3501 0.052051883096769835
3502 0.027380651984999796
3503 0.013892080013314032
3504 0.028387552239784748
3505 0.0009662907567980992
3506 0.008326240332165547
3507 0.02498322179507574
3508 0.07202773349294968
3509 0.0028707316029032794
3510 0.009567040394325401
3511 0.0006546380860106022
3512 0.006146031547204354
3513 1.2584236897638887e-05
3514 0.01976735932428266
3515 0.00046297972382771307
3516 0.0010261429915155759
3517 0.00959951894643931
3518 0.0038900835198958914
3519 0.01273764362290388
3520 0.09291116051299966
3521 0.0038798786251856053
3522 0.0027213093277314495
3523 0.04320781841611422
3524 0.035307978464793124
3525 0.023967700623696866
3526 0.013745674894640372
3527 0.00024331057865298374
3528 0.0021181174193356973
3529 0.0028301844201217086
3530 0.0083045265096371
3531 0.09289704806336077
3532 0.0006055193428107248
3533 0.06161284005640091
3534 0.020147122461199346
3535 0.0055561259789344815
3536 0.01144835424853543
3537 0.08168651617763073
3538 0.016694427131674124
3539 0.04003705815198037
3540 0.006143431372282307
3541 0.009648829118655057
3542 0.012006349022771633
3543 0.030968499431928448
3544 0.009225304490417004
3545 0.00972350751825554
3546 0.01873655425512782
3547 0.03917132138004715
3548 0.06989799753544391
3549 0.03555990981460498
3550 0.004197473890301614
3551 0.006316491269429283
3552 0.0005488643996299029
3553 0.022735691097194848
3554 0.04172830504234518
3555 0.011562858434310751
3556 4.4872916067843564e-05
3557 0.012322108740596428
3558 0.04146439946668269
3559 0.009074161851131675
3560 0.031131077838025753
3561 0.011280186462124451
3562 0.061065230653353016
3563 0.01301721398802424
3564 6.347424797016824e-05
3565 0.018175407469693827
3566 0.002070699097445632
3567 0.018589252618684857
3568 0.035530073652124405
3569 0.03920858088368113
3570 1.3781425317311151e-05
3571 0.00843368617030136
3572 0.005613105090643419
3573 0.00669989382131782
3574 0.00013332847459117397
3575 0.009573986451581966
3576 0.04787380942492672
3577 0.009251168354832731
3578 0.012232674641488769
3579 0.002175421087590678
3580 0.011397643227025894
3581 0.0002366227940216535
3582 0.018551344704402936
3583 0.019035194542763898
3584 0.00024003878733004763
3585 0.0016526192292464054
3586 0.02099907975927543
3587 0.012274621265134726
3588 0.003676054844759911
3589 0.013547791208780505
3590 0.02682090539956842
3591 0.0401631981402805
3592 0.009258431225451485
3593 0.07750045692930917
3594 0.0436598505518394
3595 0.0022060717506485264
3596 nan
3597 nan
3598 nan
3599 nan
3600 nan
3601 nan
3602 nan
3603 nan
3604 nan
3605 nan
3606 nan
3607 nan
3608 nan
3609 nan
3610 nan
3611 nan
3612 nan
3613 nan
3614 nan
3615 nan
3616 nan
3617 nan
3618 nan
3619 nan
3620 nan
3621 nan
3622 nan
3623 nan
3624 nan
3625 nan
3626 nan
3627 nan
3628 nan
3629 nan
3630 nan
3631 nan
3632 nan
3633 nan
3634 nan
3635 nan
3636 nan
3637 nan
3638 nan
3639 nan
3640 nan
3641 nan
3642 nan
3643 nan
3644 nan
3645 nan
3646 nan
3647 nan
3648 nan
3649 nan
3650 nan
3651 nan
3652 nan
3653 nan
3654 nan
3655 nan
3656 nan
3657 nan
3658 nan
3659 nan
3660 nan
3661 nan
3662 nan
3663 nan
3664 nan
3665 nan
3666 nan
3667 nan
3668 nan
3669 nan
3670 nan
3671 nan
3672 nan
3673 nan
3674 nan
3675 nan
3676 nan
3677 nan
3678 nan
3679 nan
3680 nan
3681 nan
3682 nan
3683 nan
3684 nan
3685 nan
3686 nan
3687 nan
3688 nan
3689 nan
3690 nan
3691 nan
3692 nan
3693 nan
3694 nan
3695 nan
3696 nan
3697 nan
3698 nan
3699 nan
3700 nan
3701 nan
3702 nan
3703 nan
3704 nan
3705 nan
3706 nan
3707 nan
3708 nan
3709 nan
3710 nan
3711 nan
3712 nan
3713 nan
3714 nan
3715 nan
3716 nan
3717 nan
3718 nan
3719 nan
3720 nan
3721 nan
3722 nan
3723 nan
3724 nan
3725 nan
3726 nan
3727 nan
3728 nan
3729 nan
3730 nan
3731 nan
3732 0.6083505742674888
3733 0.043555449587767726
3734 0.7207621642343135
3735 0.17152170563166064
3736 0.564259125099258
3737 0.6679682627593097
3738 0.3369450016101475
3739 0.5526048303003744
3740 0.2939805251314505
3741 0.6811511836599561
3742 0.18348025756602618
3743 0.06964549354769466
3744 0.11158896511855597
3745 0.04905271114335313
3746 0.021884009215409263
3747 0.10309171595601063
3748 0.037702574657741066
3749 0.011547082924561056
3750 0.00682448258513409
3751 0.05401225613745307
3752 0.0385202721936312
3753 0.13873586229774795
3754 0.003452244060910515
3755 0.1268310868182863
3756 0.27262508346745884
3757 0.026309150523250547
3758 0.15742249894245475
3759 0.03041155450529213
3760 0.035248521147733414
3761 0.043317616480478736
3762 0.0008828344121734137
3763 0.0020424281669961133
3764 0.0008283885508766467
3765 0.01283750888171861
3766 0.0019586375614215655
3767 0.04243258499126549
3768 0.002632518250373977
3769 0.00727472956443095
3770 0.0017047778548016058
3771 0.027727050362868193
3772 0.0018459750986247112
3773 0.016084776185067637
3774 0.0373274501028682
3775 0.011363511142129764
3776 0.02724308235776562
3777 0.07328622963023353
3778 0.00022081024699645996
3779 0.1332029269117831
3780 0.0022554453657120167
3781 0.013568461818385183
3782 4.594217336568352e-05
3783 0.028743024618590487
3784 0.0021002981528738993
3785 9.297541156480352e-05
3786 0.04102040943238865
3787 0.03331345663527352
3788 0.012943714101389217
3789 0.00028847831835659347
3790 0.003427537725711227
3791 0.14094303523830345
3792 0.09177789182000386
3793 0.01762699260377469
3794 0.05212370041842386
3795 0.004662551472281431
3796 0.006363557908149661
3797 0.0005112376306775525
3798 0.023782581518151956
3799 0.00697056734640852
3800 0.049784303730230885
3801 0.003949569204948658
3802 0.0015690998151477265
3803 0.013642833332013639
3804 0.045692071949509326
3805 0.01377133078825176
3806 0.018695949866367134
3807 0.0031322950129283387
3808 0.005898268990723687
3809 0.03620602658043157
3810 0.06587763841469405
3811 0.07059589757992923
3812 0.028483080294080414
3813 0.005621503311451917
3814 0.00020888952962564615
3815 0.03810325338497275
3816 0.012861415397108738
3817 0.001458860524927597
3818 0.0013008120889988466
3819 0.00025708347159686265
3820 0.0021641670656409174
3821 0.044456970354308206
3822 0.004135864451240468
3823 0.015561132080345257
3824 0.0014446477766078727
3825 0.0041012715354386215
3826 0.000458187510259287
3827 0.0017459265850509843
3828 0.0024279072610490465
3829 0.0012128417514780329
3830 3.3283620372630287e-06
3831 0.009397150463950763
3832 0.026446584581315272
3833 0.003442768549363524
3834 0.06354098731869699
3835 0.04136307224925622
3836 0.0014022439646564184
3837 0.06256409095766485
3838 0.0002654494857457096
3839 0.027272451131864585
3840 0.0003926012951686266
3841 0.00045693963179851884
3842 8.372105823694103e-05
3843 0.03873068650472564
3844 0.0752033932773007
3845 0.06356228689043969
3846 0.005704786019023308
3847 0.006770868077697099
3848 0.0005008804476868787
3849 0.0385885885003236
3850 0.017771484131177274
3851 0.006538401686373466
3852 0.00417056102862964
3853 2.091800366418213e-06
3854 0.00020728344899832677
3855 0.09395359727047455
3856 0.04861495787418769
3857 0.00018803510378614884
3858 0.08395227528678076
3859 0.027770549879511365
3860 0.03435423326673836
3861 0.0023345667234823202
3862 0.000169396838186872
3863 0.09323611593681015
3864 0.06323748895437648
3865 0.015396077449378336
3866 0.03393383137542437
3867 0.0011185619324229285
3868 0.018033685250223586
3869 0.08503044302742216
3870 0.0007724091308411888
3871 2.8539466977206445e-05
3872 0.001116258690500766
3873 0.04299468237220553
3874 0.024267413837026387
3875 0.0014771318997354433
3876 0.0036912036169821074
3877 0.013395864325527284
3878 0.006559441460621128
3879 0.0002764199085540997
3880 0.0007227257859265345
3881 0.0014659498797021638
3882 0.010490698109353647
3883 0.004274014247579365
3884 0.012491725330955064
3885 0.00987379425097755
3886 0.06202709041822965
3887 0.02968329016810729
3888 0.003991893079613393
3889 0.004381571432768252
3890 0.00021028110111399748
3891 0.03588847945702463
3892 0.0009828177057830576
3893 0.06330577570584014
3894 0.02004638950667215
3895 0.0006870618344799552
3896 0.004506458946069769
3897 0.04378824535968246
3898 1.0488882107424913e-06
3899 0.00248967376736773
3900 0.013162845985849908
3901 0.07174112627673725
3902 0.053331546591152655
3903 0.043607209805035775
3904 0.0013510869313680023
3905 0.003470478225926839
3906 0.04887128171030091
3907 0.041932409890702814
3908 0.024941546683334877
3909 0.05299506429222172
3910 0.000497242273015176
3911 0.03887847545581336
3912 0.008504325920355698
3913 0.17931142947438697
3914 0.0618618958707871
3915 0.036285434484411655
3916 0.002326960791808316
3917 0.0011683130460602078
3918 0.023184898326130826
3919 9.142484156283451e-05
3920 0.027033832279500725
3921 0.028037086607222823
3922 5.836484664065297e-05
3923 0.001074154788733527
3924 0.014944158017343473
3925 0.003210095321801099
3926 0.021669378998283494
3927 0.0066109562853387165
3928 0.10320410040139304
3929 0.0009043795361787969
3930 0.004953510357785558
3931 0.0004231316015202087
3932 0.01283275687506556
3933 0.0352534377209838
3934 0.00030400965688935053
3935 3.2830430988540405e-05
3936 0.0007674755205685332
3937 0.010394343192184548
3938 0.01586316933404407
3939 0.016765863154745136
3940 0.008743845853119575
3941 0.0011065060726440168
3942 0.02491164513811901
3943 0.00017758792435474581
3944 0.00023526487183492026
3945 0.000682234392097759
3946 0.011743330769804019
3947 0.1294959573608305
3948 0.01177165222398509
3949 0.0006896517866781401
3950 0.04102723134996676
3951 0.05227521104161677
3952 0.0365541772318886
3953 0.00012962575407447899
3954 0.0009294115427923022
3955 0.00017473033218598272
3956 0.005504106325882371
3957 0.012311201793045767
3958 0.0014712261506109154
3959 0.0008595197315506267
3960 0.010757287576781405
3961 nan
3962 nan
3963 nan
3964 nan
3965 nan
3966 nan
3967 nan
3968 nan
3969 nan
3970 nan
3971 nan
3972 nan
3973 nan
3974 nan
3975 nan
3976 nan
3977 nan
3978 nan
3979 nan
3980 nan
3981 nan
3982 nan
3983 nan
3984 nan
3985 nan
3986 nan
3987 nan
3988 nan
3989 nan
3990 nan
3991 nan
3992 nan
3993 nan
3994 nan
3995 nan
3996 nan
3997 nan
3998 nan
3999 nan
4000 nan
4001 nan
4002 nan
4003 nan
4004 nan
4005 nan
4006 nan
4007 nan
4008 nan
4009 nan
4010 nan
4011 nan
4012 nan
4013 nan
4014 nan
0 28 0.001
1 28 14.2
2 28 0.0231
3 28 4.0
4 28 1000.0
5 28 36000.0
6 28 198000.0
7 28 40000.0
8 28 -0.6
9 28 0.01
10 28 -125000.0
11 28 -642000.0
12 28 1.0
13 28 0.5
14 28 0.017
15 28 7.8
16 28 0.0231
17 28 4.0
18 28 1000.0
19 28 36000.0
20 28 198000.0
21 28 40000.0
22 28 -0.6
23 28 0.01
24 28 -125000.0
25 28 -642000.0
26 28 6.0
27 28 0.5
Defined problem:
  num_vars: 28
  names: ['slatop_7', 'leafcn_7', 'flnr_7', 'mbbopt_7', 'bbbopt_7', 'vcmaxha_7', 'vcmaxhd_7', 'jmaxha_7', 'xl_7', 'dleaf_7', 'smpso_7', 'smpsc_7', 'roota_par_7', 'rootb_par_7', 'slatop_13', 'leafcn_13', 'flnr_13', 'mbbopt_13', 'bbbopt_13', 'vcmaxha_13', 'vcmaxhd_13', 'jmaxha_13', 'xl_13', 'dleaf_13', 'smpso_13', 'smpsc_13', 'roota_par_13', 'rootb_par_13']
  bounds shape: (28, 2)
check (475136, 4015)
check dims: daily 365 (28, 365)
check dims: daily 365 (28, 365)
