TLAI_pft7
(4000, 4015)
(4000, 28)
[   0    1    2 ... 3997 3998 3999]
(4000,)
Correlations for training data: TLAI_pft7
0 nan
1 nan
2 nan
3 nan
4 nan
5 nan
6 nan
7 nan
8 nan
9 nan
10 nan
11 nan
12 nan
13 nan
14 nan
15 nan
16 nan
17 nan
18 nan
19 nan
20 nan
21 nan
22 nan
23 nan
24 nan
25 nan
26 nan
27 nan
28 nan
29 nan
30 nan
31 nan
32 nan
33 nan
34 nan
35 nan
36 nan
37 nan
38 nan
39 nan
40 nan
41 nan
42 nan
43 nan
44 nan
45 nan
46 nan
47 nan
48 nan
49 nan
50 nan
51 nan
52 nan
53 nan
54 nan
55 nan
56 nan
57 nan
58 nan
59 nan
60 nan
61 nan
62 nan
63 nan
64 nan
65 nan
66 nan
67 nan
68 nan
69 nan
70 nan
71 nan
72 nan
73 nan
74 nan
75 nan
76 nan
77 nan
78 nan
79 nan
80 nan
81 nan
82 nan
83 nan
84 nan
85 nan
86 0.00026638745638753766
87 0.022298011307372027
88 0.009064303284072962
89 0.13442946535383052
90 0.22482213491375197
91 0.24022704841832912
92 0.06391411670677093
93 0.09756437691576272
94 0.19507778243187215
95 0.17080401871101297
96 0.21283323207109114
97 0.16551132028922677
98 0.09380925530564435
99 0.1575197542224422
100 0.13849378832778755
101 0.040328105792672014
102 0.2383646308408425
103 0.15257804013207762
104 0.16296233006234198
105 0.14074348413279372
106 0.1371222571182078
107 0.18983693441872168
108 0.21706332253623556
109 0.09309582766435187
110 0.2593690518658135
111 0.1755806726804869
112 0.05272654013249651
113 0.11418877156718178
114 0.05765743921078505
115 0.07650087457717566
116 0.17770091738502033
117 0.08903535692280089
118 0.1709536228626041
119 0.1938935797405872
120 0.02814642428805599
121 0.16900132013753963
122 0.17005685733308418
123 0.126388766030669
124 0.17873101835370797
125 0.11900822275386452
126 0.156962829032266
127 0.023607570765959433
128 0.22281181216894477
129 0.13532205606093217
130 0.26190555666144205
131 0.18237767686277487
132 0.24967136576498475
133 0.10769112106094755
134 0.16846884513265606
135 0.17836051972068662
136 0.10994996146330412
137 0.17655574582395642
138 0.21515077771131882
139 0.11060584364882779
140 0.24081754877371664
141 0.17045047529375196
142 0.14233841318331314
143 0.18060015138237817
144 0.1259707111651146
145 0.20209728270185748
146 0.10759370525538202
147 0.14211143846202604
148 0.15494252033478217
149 0.2795445878551465
150 0.14266274547091357
151 0.2578105483279976
152 0.15906293559836804
153 0.18942703217062754
154 0.07878038453424356
155 0.1061747966991026
156 0.18100729244627248
157 0.07987040541667038
158 0.13926379165594494
159 0.02878936180454611
160 0.15636303931739487
161 0.12442666043963355
162 0.11746366068163308
163 0.15204550536047756
164 0.2338818477501375
165 0.18660811040700706
166 0.009655169371571352
167 0.1588842068990038
168 0.2200804382675133
169 0.15591650372431737
170 0.0804460584718729
171 0.1657143713804488
172 0.1777528155194624
173 0.20886694325767122
174 0.1778811528366471
175 0.13146555401904994
176 0.25815977894814945
177 0.2116292745328603
178 0.2241021797431162
179 0.07175953079398525
180 0.1447413858622664
181 0.09305983270049872
182 0.0759721633292041
183 0.11181706971088702
184 0.1872155759566151
185 0.1262213925953003
186 0.16890840227171747
187 0.14498748209348108
188 0.17565710043552304
189 0.14230509233901042
190 0.18704576657797095
191 0.11470962381483575
192 0.14432253896482272
193 0.11338848477612037
194 0.010152721083605817
195 0.18278315637598164
196 0.15866590179491707
197 0.1348860055700393
198 0.13241590421249602
199 0.12766890497834843
200 0.14207517768589312
201 0.158638612917631
202 0.1952841211263111
203 0.054471715826945946
204 0.060645918133204274
205 0.15578239029231658
206 0.17938196967495385
207 0.03631173539487877
208 0.10579047837460202
209 0.17962398286181339
210 0.09209385021074788
211 0.2080971419626115
212 0.023940095173893117
213 0.18043601893049363
214 0.15655885803381334
215 0.03327957228622731
216 0.10590900501223575
217 0.09530324415849757
218 0.16449154909869726
219 0.18196079480672087
220 0.18099142008435082
221 0.10418454219551439
222 0.11780628900799096
223 0.14946571684237842
224 0.1499234136539776
225 0.11898328090053796
226 0.1495062466295902
227 0.09840065810273113
228 0.079498366531171
229 0.08929046369587462
230 0.13103576008776802
231 0.14441143815326948
232 0.17869004756417511
233 0.09069649100341386
234 0.19209010309373914
235 0.20790815732691476
236 0.13177882642973732
237 0.07909355587616766
238 0.13949594875396296
239 0.14659709294614015
240 0.0812791909423223
241 0.16397722858985814
242 0.1256993918775642
243 0.15996521847498868
244 0.19651200544172684
245 0.03805865409113906
246 0.2010973002910839
247 0.09741790302293928
248 0.20979480456939514
249 0.027456843949700268
250 0.10433087873010224
251 0.04685292064811268
252 0.11090345765947573
253 0.19937109526770824
254 0.135717412764257
255 0.1301614434967998
256 0.14991794499245806
257 0.14863676927283032
258 0.21351067892577102
259 0.08552291808091564
260 0.19707093975830622
261 0.19723552568301375
262 0.09136574849874385
263 0.1005232438330012
264 0.11490306248969043
265 0.19450745301817485
266 0.1721958923824641
267 0.013591155586134645
268 0.14499480273104454
269 0.049416514166236304
270 0.18626172050514533
271 0.0304455608121514
272 0.2094510288228851
273 0.12013996383271529
274 0.16509499013044043
275 0.06962388579806725
276 0.07503105747129445
277 0.13035931503595005
278 0.10477860419009676
279 0.11319202446702797
280 0.21275584436454673
281 0.05040773389163347
282 0.0535348538123734
283 0.20106685613147096
284 0.21698870677042023
285 0.12280724396130567
286 0.10454299365765922
287 0.17317344171572976
288 0.08956740468356451
289 0.11251387542015846
290 0.10438699487418315
291 0.07544646489147933
292 0.028976289111827196
293 0.11952016014580055
294 0.08670756236470366
295 0.15901531922703885
296 0.12493802673428107
297 0.20488767323847576
298 0.1231523931418112
299 0.1116361543759146
300 0.1892949051131577
301 0.10121609043836302
302 0.1350759784063338
303 0.17570206807747044
304 0.13574958891918198
305 0.20209793225089978
306 0.18709646497187363
307 0.1963880463850417
308 0.05878277583686556
309 0.16245084268911825
310 0.2125160281859276
311 nan
312 nan
313 nan
314 nan
315 nan
316 nan
317 nan
318 nan
319 nan
320 nan
321 nan
322 nan
323 nan
324 nan
325 nan
326 nan
327 nan
328 nan
329 nan
330 nan
331 nan
332 nan
333 nan
334 nan
335 nan
336 nan
337 nan
338 nan
339 nan
340 nan
341 nan
342 nan
343 nan
344 nan
345 nan
346 nan
347 nan
348 nan
349 nan
350 nan
351 nan
352 nan
353 nan
354 nan
355 nan
356 nan
357 nan
358 nan
359 nan
360 nan
361 nan
362 nan
363 nan
364 nan
365 nan
366 nan
367 nan
368 nan
369 nan
370 nan
371 nan
372 nan
373 nan
374 nan
375 nan
376 nan
377 nan
378 nan
379 nan
380 nan
381 nan
382 nan
383 nan
384 nan
385 nan
386 nan
387 nan
388 nan
389 nan
390 nan
391 nan
392 nan
393 nan
394 nan
395 nan
396 nan
397 nan
398 nan
399 nan
400 nan
401 nan
402 nan
403 nan
404 nan
405 nan
406 nan
407 nan
408 nan
409 nan
410 nan
411 nan
412 nan
413 nan
414 nan
415 nan
416 nan
417 nan
418 nan
419 nan
420 nan
421 nan
422 nan
423 nan
424 nan
425 nan
426 nan
427 nan
428 nan
429 nan
430 nan
431 nan
432 nan
433 nan
434 nan
435 nan
436 nan
437 nan
438 nan
439 nan
440 nan
441 nan
442 nan
443 nan
444 nan
445 nan
446 nan
447 nan
448 nan
449 nan
450 nan
451 nan
452 nan
453 nan
454 nan
455 nan
456 nan
457 nan
458 nan
459 nan
460 nan
461 nan
462 nan
463 nan
464 nan
465 nan
466 nan
467 nan
468 nan
469 0.004771002655143727
470 0.015041479446119848
471 0.1048099651419659
472 0.043017679218206345
473 0.16609443227123738
474 0.1374417720025248
475 0.060359212991699905
476 0.13154419696598804
477 0.16693286112706662
478 0.24855093396321729
479 0.1442094083375716
480 0.02098103118197238
481 0.16602086742579775
482 0.19810302971406454
483 0.15655117386373205
484 0.20922528941341087
485 0.21323677494020946
486 0.0894577371804842
487 0.18251231569622525
488 0.23299825625896095
489 0.0731522841963321
490 0.20684119600626774
491 0.197017540779349
492 0.1933994032794803
493 0.11318248374042696
494 0.13602542343022025
495 0.20848094759862584
496 0.19967328059743408
497 0.17019595050124886
498 0.052999169031534316
499 0.016262998589477936
500 0.0665553388446869
501 0.19842174005704186
502 0.1807620302808557
503 0.08811713783566148
504 0.17852826642072261
505 0.16063415863246872
506 0.15446935537296108
507 0.20848816695735412
508 0.03554793163373181
509 0.12299449244359728
510 0.2201842647823192
511 0.14622858123170238
512 0.18237487187364965
513 0.21283962336439577
514 0.11728758475976081
515 0.11998141822510208
516 0.19664616195363163
517 0.16334477234788275
518 0.1311954446942395
519 0.11042585769135027
520 0.19698147715993045
521 0.011828845839369698
522 0.02120294736296397
523 0.06522075002898162
524 0.16560295058730987
525 0.19154922877487437
526 0.2392105402893097
527 0.18201967656344922
528 0.13595175395603645
529 0.1474261533614219
530 0.13763764331473552
531 0.1760845917607858
532 0.11789553768164455
533 0.037284157339539076
534 0.05836470818834722
535 0.12732892605372725
536 0.21804035262564123
537 0.17006211776831112
538 0.10894570785142096
539 0.13414923982025456
540 0.1314744270512366
541 0.15697773483795824
542 0.18527876275664187
543 0.04151003839064358
544 0.10659608155684773
545 0.1788450946675301
546 0.07570636189370683
547 0.11402337550696127
548 0.0752791609108993
549 0.09022589849822854
550 0.060705208023049524
551 0.14984740427843465
552 0.1721521377232718
553 0.053247849742508416
554 0.1434029977462602
555 0.08263208277623155
556 0.007574945102697346
557 0.13770492699452053
558 0.1782664783918824
559 0.06192042481100253
560 0.17916119078122603
561 0.15383760887243766
562 0.10717314521532513
563 0.1263998500721234
564 0.1157727513209521
565 0.16632444371837832
566 0.14037641462740802
567 0.16885949609950882
568 0.08145837847199029
569 0.15972302226352747
570 0.17248054947402947
571 0.20143183680468854
572 0.17949400772599855
573 0.08305539291225007
574 0.1202876240165963
575 0.17592797904004603
576 0.002693002973181743
577 0.22796629593957748
578 0.07873724287752126
579 0.17862192093582616
580 0.21837888199087593
581 0.012919059497835738
582 0.1328549365283008
583 0.20199460807723285
584 0.10791540493768136
585 0.15897650968465185
586 0.06302298944875649
587 0.16781742902907146
588 0.18866862353605088
589 0.10275342351751106
590 0.20343963267509077
591 0.17488125810057736
592 0.13197267688369219
593 0.17894149487817818
594 0.19397414277603992
595 0.07853671905747657
596 0.15818047882793623
597 0.03687109360730916
598 0.14534894950027188
599 0.12346197708663129
600 0.14979702826970645
601 0.19614032498731546
602 0.13122926978142743
603 0.18030857136429349
604 0.19378295430113532
605 0.107119062655754
606 0.20652911501179408
607 0.2129096679699157
608 0.06991531151462417
609 0.12537617488893124
610 0.20370030871325362
611 0.013076184194941514
612 0.13800071420128632
613 0.20246919070218716
614 0.08631955488002502
615 0.2053563482847777
616 0.20597933869767632
617 0.2166325693112705
618 0.19825977362746347
619 0.1788840634951789
620 0.20298730085426642
621 0.12694044428599627
622 0.10513938315337218
623 0.13975692742125745
624 0.1327893317702415
625 0.02702859888904421
626 0.11844447110319985
627 0.08376671036304552
628 0.11701546825441565
629 0.07661875082751435
630 0.20133286103047834
631 0.15901331774268054
632 0.2109115644702428
633 0.17653402509684343
634 0.18532933304575355
635 0.1431125673999911
636 0.18849116089292492
637 0.20215414747192925
638 0.14242726587120474
639 0.13063648791835988
640 0.10050756708798349
641 0.10021616957710049
642 0.1701037870823882
643 0.14712938816655252
644 0.12879238136397386
645 0.05255332628686927
646 0.09229612397836659
647 0.1716788404373009
648 0.19907323529939475
649 0.11631054087463806
650 0.14954357520445793
651 0.04383127366686912
652 0.022277654814706806
653 0.11076254140387241
654 0.1129609442835907
655 0.18094186161224304
656 0.07574889630061041
657 0.2553401919314982
658 0.24134282225082257
659 0.10874066738070591
660 0.08781389661730545
661 0.193679049736092
662 0.11260547923312846
663 0.13126225422217683
664 0.22894887835587902
665 0.05705481353566177
666 0.07018740366819423
667 0.14211461630517838
668 0.1263572904010786
669 0.1360343109644913
670 0.02583716161615324
671 0.12183255797420164
672 0.19863950751022783
673 0.05511380309556461
674 0.1975004594798152
675 0.22254221389204853
676 nan
677 nan
678 nan
679 nan
680 nan
681 nan
682 nan
683 nan
684 nan
685 nan
686 nan
687 nan
688 nan
689 nan
690 nan
691 nan
692 nan
693 nan
694 nan
695 nan
696 nan
697 nan
698 nan
699 nan
700 nan
701 nan
702 nan
703 nan
704 nan
705 nan
706 nan
707 nan
708 nan
709 nan
710 nan
711 nan
712 nan
713 nan
714 nan
715 nan
716 nan
717 nan
718 nan
719 nan
720 nan
721 nan
722 nan
723 nan
724 nan
725 nan
726 nan
727 nan
728 nan
729 nan
730 nan
731 nan
732 nan
733 nan
734 nan
735 nan
736 nan
737 nan
738 nan
739 nan
740 nan
741 nan
742 nan
743 nan
744 nan
745 nan
746 nan
747 nan
748 nan
749 nan
750 nan
751 nan
752 nan
753 nan
754 nan
755 nan
756 nan
757 nan
758 nan
759 nan
760 nan
761 nan
762 nan
763 nan
764 nan
765 nan
766 nan
767 nan
768 nan
769 nan
770 nan
771 nan
772 nan
773 nan
774 nan
775 nan
776 nan
777 nan
778 nan
779 nan
780 nan
781 nan
782 nan
783 nan
784 nan
785 nan
786 nan
787 nan
788 nan
789 nan
790 nan
791 nan
792 nan
793 nan
794 nan
795 nan
796 nan
797 nan
798 nan
799 nan
800 nan
801 nan
802 nan
803 nan
804 nan
805 nan
806 nan
807 nan
808 nan
809 nan
810 nan
811 nan
812 nan
813 nan
814 nan
815 nan
816 nan
817 nan
818 nan
819 nan
820 nan
821 0.03193492393416536
822 0.13003806758361558
823 0.16749277093482076
824 0.16932151411515167
825 0.07148342593931546
826 0.2698402147083346
827 0.21219181134335033
828 0.13600926108037117
829 0.12926884897091
830 0.198786282602169
831 0.14939850031707436
832 0.1551186607080291
833 0.1323657685610609
834 0.043316639954594484
835 0.08053532306748079
836 0.03548110333771568
837 0.04369825371078108
838 0.09637850900092101
839 0.22718791826453735
840 0.12813408394006792
841 0.2021183238684025
842 0.1405290330377813
843 0.19283612434656863
844 0.09452560280886019
845 0.09309867973246717
846 0.06284669967454375
847 0.1867869133790469
848 0.21853781395795954
849 0.19835891106444534
850 0.1745730336610602
851 0.21507054264521458
852 0.17497155645189355
853 0.08427294357837582
854 0.14862931844353897
855 0.15774965864535845
856 0.22728158094371906
857 0.2063534022655561
858 0.1935534942385414
859 0.12492891342966521
860 0.05623261070567368
861 0.14372355338115056
862 0.17918763804413246
863 0.2042685699023387
864 0.2356412336155797
865 0.20907073509937976
866 0.13052239286762088
867 0.05430043961302829
868 0.13577433166159902
869 0.12430776619372345
870 0.07447529999808707
871 0.09296840007835173
872 0.12819156469726914
873 0.02885134049114074
874 0.16388041048498336
875 0.09449748931482534
876 0.17833611514209616
877 0.15782057425384632
878 0.10953443797355795
879 0.24676784112567116
880 0.09191324523930806
881 0.19342961889245266
882 0.1870801464021905
883 0.23633927443949018
884 0.2479455670143022
885 0.10381075581519697
886 0.0242042919416874
887 0.24805340166345463
888 0.12706685374132534
889 0.003526802344807214
890 0.026305964113858292
891 0.19861895424185874
892 0.05320933208729877
893 0.03461130002142976
894 0.13492109153820803
895 0.08932140117750889
896 0.13281883874017747
897 0.15814700628054654
898 0.14397340657115207
899 0.0027980593310793747
900 0.1456822038765324
901 0.1174758416255861
902 0.04784856161176384
903 0.19326693809140053
904 0.09912049537936868
905 0.18838469572033403
906 0.1147698738043743
907 0.17521333453964336
908 0.12428440450959681
909 0.2389504138659588
910 0.06822177217019866
911 0.15008493343377874
912 0.1325835574576276
913 0.1636382268268832
914 0.08039433179640124
915 0.11603660427042846
916 0.2501226725796885
917 0.07475309036546232
918 0.16550451704293329
919 0.07870574631636063
920 0.12227700497044042
921 0.07749993043022274
922 0.07807603179851927
923 0.12777731801015835
924 0.1658085159312054
925 0.06017675361587575
926 0.024094858495957983
927 0.08809014473574449
928 0.09339424689047597
929 8.404163337736373e-06
930 0.033567769782618995
931 0.16300074165845954
932 0.062353480936778685
933 0.11890117647183956
934 0.1834615537562518
935 0.24104467292923043
936 0.21397449472927116
937 0.09595204535744702
938 0.0814223624582673
939 0.07773397586631767
940 0.20918790185272068
941 0.09420726443068791
942 0.1638717563980273
943 0.2064627185934454
944 0.047527255667378386
945 0.11293356121382644
946 0.17137619147504118
947 0.18570140897942664
948 0.22364194729852188
949 0.06405670074688591
950 0.0572646446843429
951 0.039047339528375115
952 0.14459023869017665
953 0.16513740442617342
954 0.1969557466577905
955 0.09723803163297887
956 0.16831907191216838
957 0.09177018730832602
958 0.10595242768193129
959 0.10807018703220302
960 0.2143412147155199
961 0.13847171817198425
962 0.04507045292364219
963 0.19405565412606154
964 0.20879199770502874
965 0.08251805781412666
966 0.0971826197592512
967 0.020343415378948265
968 0.04542502916053371
969 0.13615313159103226
970 0.06959810121487553
971 0.17141177138064886
972 0.1773067815780788
973 0.0024397748264197517
974 0.13417815645155712
975 0.16742901671873586
976 0.14317964859269974
977 0.14573775811569653
978 0.10452969928752923
979 0.14675185612137034
980 0.029288481232570537
981 0.17564535082580077
982 0.05338663148749159
983 0.14370767029264458
984 0.08069567733653076
985 0.13273138411462923
986 0.14601112544314407
987 0.13029321973344898
988 0.19137297434996786
989 0.15355390049792084
990 0.04168072167822722
991 0.12158824256124513
992 0.17214382121660257
993 0.08060667291994085
994 0.12401195364946353
995 0.14347608333334838
996 0.04583591124658221
997 0.04022319735280978
998 0.20359504653666288
999 0.03586694336048253
1000 0.13260634696057869
1001 0.15630791505529687
1002 0.12774473658927624
1003 0.10863030131562708
1004 0.12931451562677454
1005 0.09602366385804141
1006 0.05164030924257142
1007 0.08201402081505693
1008 0.062020053057106964
1009 0.02742733185130756
1010 0.09625809756649362
1011 0.1288718559673091
1012 0.13908286920195334
1013 0.13258324483627923
1014 0.10720525534658715
1015 0.15196975911105254
1016 0.15418672811204345
1017 0.07790379717605417
1018 0.09649263999789788
1019 0.2031452328567942
1020 0.12963558916532808
1021 0.15337503548874923
1022 0.028528710699656127
1023 0.15712308594651528
1024 0.06541201208091253
1025 0.16451531145830117
1026 0.18471124714953288
1027 0.14748913410656028
1028 0.07889719847353996
1029 0.1300800426137433
1030 0.1757142686034383
1031 0.2115238704752727
1032 0.10661838355076829
1033 0.1773876034471662
1034 0.1366941205733169
1035 0.02945887714290956
1036 0.16644726176203645
1037 0.17602507953426988
1038 0.1471892304343867
1039 0.1706666124746984
1040 0.009544007050928041
1041 nan
1042 nan
1043 nan
1044 nan
1045 nan
1046 nan
1047 nan
1048 nan
1049 nan
1050 nan
1051 nan
1052 nan
1053 nan
1054 nan
1055 nan
1056 nan
1057 nan
1058 nan
1059 nan
1060 nan
1061 nan
1062 nan
1063 nan
1064 nan
1065 nan
1066 nan
1067 nan
1068 nan
1069 nan
1070 nan
1071 nan
1072 nan
1073 nan
1074 nan
1075 nan
1076 nan
1077 nan
1078 nan
1079 nan
1080 nan
1081 nan
1082 nan
1083 nan
1084 nan
1085 nan
1086 nan
1087 nan
1088 nan
1089 nan
1090 nan
1091 nan
1092 nan
1093 nan
1094 nan
1095 nan
1096 nan
1097 nan
1098 nan
1099 nan
1100 nan
1101 nan
1102 nan
1103 nan
1104 nan
1105 nan
1106 nan
1107 nan
1108 nan
1109 nan
1110 nan
1111 nan
1112 nan
1113 nan
1114 nan
1115 nan
1116 nan
1117 nan
1118 nan
1119 nan
1120 nan
1121 nan
1122 nan
1123 nan
1124 nan
1125 nan
1126 nan
1127 nan
1128 nan
1129 nan
1130 nan
1131 nan
1132 nan
1133 nan
1134 nan
1135 nan
1136 nan
1137 nan
1138 nan
1139 nan
1140 nan
1141 nan
1142 nan
1143 nan
1144 nan
1145 nan
1146 nan
1147 nan
1148 nan
1149 nan
1150 nan
1151 nan
1152 nan
1153 nan
1154 nan
1155 nan
1156 nan
1157 nan
1158 nan
1159 nan
1160 nan
1161 nan
1162 nan
1163 nan
1164 nan
1165 nan
1166 nan
1167 nan
1168 nan
1169 nan
1170 nan
1171 nan
1172 nan
1173 nan
1174 nan
1175 nan
1176 0.0006862751966171881
1177 0.019276539628324877
1178 0.05528094668604748
1179 0.026599120667086144
1180 0.1232170751864287
1181 0.16959240113928747
1182 0.1512292547805205
1183 0.12871901645766945
1184 0.13044090305744
1185 0.07570044686208462
1186 0.20701428736702915
1187 0.16950244553805746
1188 0.1957957416162504
1189 0.12720151951467012
1190 0.08779946987189909
1191 0.09005067015946266
1192 0.1732486356670214
1193 0.09720023171243541
1194 0.17202400768761847
1195 0.19958604604849262
1196 0.13230623442445302
1197 0.21260012808296003
1198 0.14982324399520228
1199 0.0826951573330199
1200 0.024783573538491074
1201 0.1857059614361889
1202 0.10808173668542435
1203 0.2242660911612534
1204 0.2527681466353644
1205 0.22260412911560104
1206 0.12013165442322937
1207 0.0366005282984967
1208 0.04657159529413888
1209 0.2254001934852004
1210 0.22043500096978677
1211 0.24012600900855138
1212 0.09625343946620077
1213 0.17800887512822466
1214 0.16600034620858514
1215 0.1661381844905953
1216 0.14674197657388757
1217 0.14664894824325786
1218 0.15420288610870764
1219 0.028505308320901722
1220 0.20015058095447366
1221 0.16579295610319691
1222 0.11970829178645359
1223 0.16880082029784568
1224 0.1580771049278213
1225 0.11984514700043389
1226 0.16336517296335323
1227 0.07941639260641327
1228 0.023902172260808777
1229 0.12927171894693132
1230 0.1885584113024658
1231 0.2316260818455155
1232 0.1385468498572645
1233 0.11513662076550504
1234 0.051313886111487204
1235 0.10535328610470442
1236 0.1400247821265419
1237 0.01829993536972242
1238 2.447291171012467e-05
1239 0.18442202303075006
1240 0.11934816362085268
1241 0.09115488501404365
1242 0.09611707910615627
1243 0.1238441543590834
1244 0.21430153041363526
1245 0.1994850969872809
1246 0.17822356371724943
1247 0.2335039787500562
1248 0.21170508880264682
1249 0.1682590222142366
1250 0.13851902005337888
1251 0.08553707761022761
1252 0.04499010787213084
1253 0.1402849707481875
1254 0.06020364297166915
1255 0.15393583739956093
1256 0.1858676145776481
1257 0.07333815203838921
1258 0.10122526727768445
1259 0.1922609750671513
1260 0.18632412346626906
1261 0.21041967678527168
1262 0.24282789060951432
1263 0.0923741348743259
1264 0.19770716552152412
1265 0.09166210046523575
1266 0.21178282472400672
1267 0.09644983593074687
1268 0.15722226827361938
1269 0.06816096591024544
1270 0.2162433357247691
1271 0.19969934046839338
1272 0.16572505697987974
1273 0.1375147041803393
1274 0.18524086600880393
1275 0.12150896968408328
1276 0.18295920127665827
1277 0.1520434825833798
1278 0.17623296155209808
1279 0.14880927827474616
1280 0.05480933715340172
1281 0.17455939278157256
1282 0.13187435728622462
1283 0.18935782643384888
1284 0.011120579058554916
1285 0.1803142247226635
1286 0.15781648674705678
1287 0.11465076018750725
1288 0.07678215135119643
1289 0.08965381873090744
1290 0.14703724256291095
1291 0.04891900745194515
1292 0.12202841064761351
1293 0.21269447121707533
1294 0.13621204414078436
1295 0.17671132363720035
1296 0.13313273563595354
1297 0.02456850555497723
1298 0.11384297118329871
1299 0.20304539683130277
1300 0.11195832504991644
1301 0.1345903129184619
1302 0.1513083013650749
1303 0.16530676140604084
1304 0.14709520887074168
1305 0.14971909817288032
1306 0.17790644065602973
1307 0.04598573064805412
1308 0.12302932476202057
1309 0.06569488336744654
1310 0.13992530485194507
1311 0.14744869869819113
1312 0.12093875465983986
1313 0.06853858814815138
1314 0.18677164390455153
1315 0.11387402006064805
1316 0.12042855933292662
1317 0.009264657285314665
1318 0.044240783609726345
1319 0.15584304662223153
1320 0.12101365199718543
1321 0.05917484958447354
1322 0.1420311494030322
1323 0.1382724646966114
1324 0.01279316247442894
1325 0.2198772219304365
1326 0.19217643881839083
1327 0.05743135729162978
1328 0.1368878743155562
1329 0.10820745274108125
1330 0.15285755670208723
1331 0.10615409425078252
1332 0.09277465797812015
1333 0.13370446183198284
1334 0.1788098601969787
1335 0.13962816141202927
1336 0.11993648966475465
1337 0.17504971878444034
1338 0.07856838894394175
1339 0.2575090536921796
1340 0.027368389721288158
1341 0.12456228837552381
1342 0.14935486591266825
1343 0.1171829380420575
1344 0.017666718035206346
1345 0.10421144332748865
1346 0.112157248171989
1347 0.07434342646171561
1348 0.13618501089514035
1349 0.044068230921966794
1350 0.08672002393158096
1351 0.08606672243273017
1352 0.178116874062022
1353 0.13504502060434054
1354 0.20141855961576693
1355 0.11245099157587343
1356 0.1214924683705157
1357 0.19726020067310876
1358 0.16650240833286703
1359 0.08893708713288635
1360 0.13117979020688852
1361 0.14175974545791376
1362 0.1818449714141396
1363 0.24422365957260536
1364 0.11762505425914277
1365 0.08914337645104392
1366 0.04670687589414142
1367 0.05014120412121312
1368 0.07890000153743287
1369 0.1331901190436485
1370 0.13475741951733508
1371 0.08581418724906506
1372 0.1080654958932494
1373 0.2317835542805587
1374 0.19599730592642745
1375 0.2113570734359062
1376 0.13251517533465057
1377 0.13755351628112863
1378 0.0940291145848836
1379 0.086752904052896
1380 0.09769160101876515
1381 0.13846693410686903
1382 0.04760322415721685
1383 0.13660564316429252
1384 0.17806553002917652
1385 0.07510903990503824
1386 0.2038730023135866
1387 0.015107055501544125
1388 0.1274987198150551
1389 0.1549176966214948
1390 0.11191721267083814
1391 0.08678020641631387
1392 0.07837944562636157
1393 0.09088564684351062
1394 0.0665219118389498
1395 0.19520994057148838
1396 0.08563318668747041
1397 0.13185258985437667
1398 0.13970502114490452
1399 0.1674882051992412
1400 0.054010857225469486
1401 0.01717487831603924
1402 0.20118707419546283
1403 0.14876099115308408
1404 0.12499450006650943
1405 0.11341923053072749
1406 nan
1407 nan
1408 nan
1409 nan
1410 nan
1411 nan
1412 nan
1413 nan
1414 nan
1415 nan
1416 nan
1417 nan
1418 nan
1419 nan
1420 nan
1421 nan
1422 nan
1423 nan
1424 nan
1425 nan
1426 nan
1427 nan
1428 nan
1429 nan
1430 nan
1431 nan
1432 nan
1433 nan
1434 nan
1435 nan
1436 nan
1437 nan
1438 nan
1439 nan
1440 nan
1441 nan
1442 nan
1443 nan
1444 nan
1445 nan
1446 nan
1447 nan
1448 nan
1449 nan
1450 nan
1451 nan
1452 nan
1453 nan
1454 nan
1455 nan
1456 nan
1457 nan
1458 nan
1459 nan
1460 nan
1461 nan
1462 nan
1463 nan
1464 nan
1465 nan
1466 nan
1467 nan
1468 nan
1469 nan
1470 nan
1471 nan
1472 nan
1473 nan
1474 nan
1475 nan
1476 nan
1477 nan
1478 nan
1479 nan
1480 nan
1481 nan
1482 nan
1483 nan
1484 nan
1485 nan
1486 nan
1487 nan
1488 nan
1489 nan
1490 nan
1491 nan
1492 nan
1493 nan
1494 nan
1495 nan
1496 nan
1497 nan
1498 nan
1499 nan
1500 nan
1501 nan
1502 nan
1503 nan
1504 nan
1505 nan
1506 nan
1507 nan
1508 nan
1509 nan
1510 nan
1511 nan
1512 nan
1513 nan
1514 nan
1515 nan
1516 nan
1517 nan
1518 nan
1519 nan
1520 nan
1521 nan
1522 nan
1523 nan
1524 nan
1525 nan
1526 nan
1527 nan
1528 nan
1529 nan
1530 nan
1531 nan
1532 nan
1533 nan
1534 nan
1535 nan
1536 nan
1537 nan
1538 nan
1539 nan
1540 nan
1541 nan
1542 nan
1543 nan
1544 nan
1545 nan
1546 nan
1547 nan
1548 nan
1549 nan
1550 nan
1551 nan
1552 nan
1553 nan
1554 nan
1555 nan
1556 nan
1557 nan
1558 7.761461936460754e-05
1559 0.011973334956648506
1560 0.04029444945762012
1561 0.04527172450324973
1562 0.06758958290340843
1563 0.21993898872189002
1564 0.12402423044465392
1565 0.16938650367950456
1566 0.18897293826552833
1567 0.13701850446802424
1568 0.19637631939095684
1569 0.23544664505025178
1570 0.20422190756535516
1571 0.1513475142793723
1572 0.15342225986501884
1573 0.15686362940142765
1574 0.028823383128296402
1575 0.15705614410056695
1576 0.19864282364454716
1577 0.11934212717013665
1578 0.18796906213423611
1579 0.10855555888165834
1580 0.2457555767684788
1581 0.21031937406930773
1582 0.2607554421770698
1583 0.26208301400890455
1584 0.11528985439970482
1585 0.10171537233890524
1586 0.18383918401658
1587 0.1992024796858514
1588 0.14163976131941555
1589 0.2027429654648426
1590 0.17718118576154135
1591 0.05159483462408641
1592 0.1633515823039253
1593 0.0717014251050368
1594 0.15215018553024484
1595 0.14182777294692875
1596 0.12172065545895286
1597 0.21802596990656647
1598 0.24667338871687483
1599 0.22799215216873425
1600 0.17614484989091117
1601 0.1836268673086925
1602 0.22376744023991135
1603 0.11788941653882884
1604 0.2238885340409435
1605 0.06953861393822044
1606 0.13257599924626548
1607 0.10376283858920012
1608 0.11181423763241863
1609 0.23157508606201588
1610 0.17194109793472276
1611 0.18794768647969787
1612 0.08883223067031969
1613 0.0847177775847729
1614 0.1493343857175082
1615 0.023984869728140644
1616 0.2269766107552459
1617 0.24626737193205067
1618 0.08849822121628773
1619 0.2019426857809809
1620 0.1970357504337321
1621 0.06883964891534254
1622 0.08308508358852172
1623 0.18110479113358902
1624 0.17888426786862707
1625 0.20787093852062943
1626 0.1835141904877283
1627 0.20542744890717615
1628 0.06732478444564038
1629 0.012498208293133918
1630 0.22251923251040126
1631 0.2058604901716414
1632 0.18676417095200976
1633 0.04676612056223291
1634 0.04917977149875489
1635 0.1541006456275061
1636 0.22581448957854533
1637 0.2108203479636335
1638 0.16894025057435372
1639 0.18908539270231872
1640 0.1037044021786462
1641 0.1626413571390931
1642 0.13269081536085417
1643 0.03657878191893552
1644 0.10150140199051447
1645 0.19797793458738788
1646 0.23139030465588611
1647 0.20934373620054222
1648 0.10108237380977557
1649 0.16470233822774702
1650 0.09189683302441423
1651 0.11950153973316356
1652 0.20818114499936635
1653 0.04868268136036588
1654 0.20210620895179618
1655 0.20258904868499777
1656 0.15562131078296737
1657 0.19922855061105443
1658 0.21423387832161983
1659 0.08329533919011613
1660 0.0965496086460919
1661 0.20269461143401982
1662 0.16970224874362
1663 0.19407888753112726
1664 0.21294604610583331
1665 0.08391877998163752
1666 0.21663596942227673
1667 0.04645358730598787
1668 0.14014154357453673
1669 0.07000415780042443
1670 0.17268239509379707
1671 0.2031692483401282
1672 0.248275768106165
1673 0.21159429514660516
1674 0.07176321481250507
1675 0.20037590613700385
1676 0.2255656394507467
1677 0.12893156451327598
1678 0.11845124096551737
1679 0.03463964360770797
1680 0.20292412231627696
1681 0.18769044166766935
1682 0.18069249147748803
1683 0.10538987006095003
1684 0.1555859909910145
1685 0.19959905172705458
1686 0.2088821352733542
1687 0.20096292160523083
1688 0.07420004383507083
1689 0.256278242372966
1690 0.24555303032551537
1691 0.02792833144087455
1692 0.1001816258081498
1693 0.11857087883119523
1694 0.16821248394395633
1695 0.14528105658651477
1696 0.19363082880074528
1697 0.20992309640783052
1698 0.18114055747762445
1699 0.07696231148603457
1700 0.18078679639706804
1701 0.0001719937700883507
1702 0.028627942107088578
1703 0.13155505644742094
1704 0.050933085852725254
1705 0.1926583329385962
1706 0.2632598151125533
1707 0.013348357012553774
1708 0.0009552626298218946
1709 0.1549712998206904
1710 0.16765402986086086
1711 0.14488957887703482
1712 0.18748624424383745
1713 0.11102175796468165
1714 0.2118055631015894
1715 0.23573538914819236
1716 0.1569891641677334
1717 0.17950807281236075
1718 0.23012323807190532
1719 0.10159819639527523
1720 0.24552562522141214
1721 0.1167304119631454
1722 0.167269178148652
1723 0.10773447855321445
1724 0.22007459690624967
1725 0.10568741366924445
1726 0.012099087461717867
1727 0.23140666862747766
1728 0.036389725707693645
1729 0.16529111005967384
1730 0.20271174414178486
1731 0.2003881948686298
1732 0.14483531877994238
1733 0.1859769172808681
1734 0.15798089979623525
1735 0.18333529394860934
1736 0.26000188266438345
1737 0.16036514427923038
1738 0.2722049775124262
1739 0.21614765369897473
1740 0.050385838510193896
1741 0.2319810934655852
1742 0.18837082270528582
1743 0.11399444657639755
1744 0.11772104917151506
1745 0.049346847617917654
1746 0.13465062425404678
1747 0.19814323009558002
1748 0.1641547589989974
1749 0.0958385369574661
1750 0.16628232084084332
1751 0.1392141284284193
1752 0.01154357539799256
1753 0.03339188562553887
1754 0.15553713817712872
1755 0.17422863324462795
1756 0.19482015466706432
1757 0.16324316414179701
1758 0.1960696497526725
1759 0.06308876334309542
1760 0.17326245955114988
1761 0.2084912223877741
1762 0.26423117716242744
1763 0.17054257519896207
1764 0.16267506620033317
1765 0.21478071940946694
1766 0.1710492775948342
1767 0.20005351290058077
1768 0.13595388867293826
1769 0.2477474326034755
1770 0.1616489247845412
1771 nan
1772 nan
1773 nan
1774 nan
1775 nan
1776 nan
1777 nan
1778 nan
1779 nan
1780 nan
1781 nan
1782 nan
1783 nan
1784 nan
1785 nan
1786 nan
1787 nan
1788 nan
1789 nan
1790 nan
1791 nan
1792 nan
1793 nan
1794 nan
1795 nan
1796 nan
1797 nan
1798 nan
1799 nan
1800 nan
1801 nan
1802 nan
1803 nan
1804 nan
1805 nan
1806 nan
1807 nan
1808 nan
1809 nan
1810 nan
1811 nan
1812 nan
1813 nan
1814 nan
1815 nan
1816 nan
1817 nan
1818 nan
1819 nan
1820 nan
1821 nan
1822 nan
1823 nan
1824 nan
1825 nan
1826 nan
1827 nan
1828 nan
1829 nan
1830 nan
1831 nan
1832 nan
1833 nan
1834 nan
1835 nan
1836 nan
1837 nan
1838 nan
1839 nan
1840 nan
1841 nan
1842 nan
1843 nan
1844 nan
1845 nan
1846 nan
1847 nan
1848 nan
1849 nan
1850 nan
1851 nan
1852 nan
1853 nan
1854 nan
1855 nan
1856 nan
1857 nan
1858 nan
1859 nan
1860 nan
1861 nan
1862 nan
1863 nan
1864 nan
1865 nan
1866 nan
1867 nan
1868 nan
1869 nan
1870 nan
1871 nan
1872 nan
1873 nan
1874 nan
1875 nan
1876 nan
1877 nan
1878 nan
1879 nan
1880 nan
1881 nan
1882 nan
1883 nan
1884 nan
1885 nan
1886 nan
1887 nan
1888 nan
1889 nan
1890 nan
1891 nan
1892 nan
1893 nan
1894 nan
1895 nan
1896 nan
1897 nan
1898 nan
1899 nan
1900 nan
1901 nan
1902 nan
1903 nan
1904 nan
1905 nan
1906 nan
1907 nan
1908 nan
1909 nan
1910 nan
1911 nan
1912 nan
1913 nan
1914 0.005994227323749641
1915 0.09335506602123589
1916 0.16458140186659964
1917 0.2256658187008044
1918 0.11846722232640902
1919 0.165111976757474
1920 0.17648761831556745
1921 0.24008514115089086
1922 0.06991097723436861
1923 0.192267187802182
1924 0.10637827249864593
1925 0.12780313277003766
1926 0.28650948486973143
1927 0.1232860282517704
1928 0.07678492447071208
1929 0.2247396071109564
1930 0.1968736368262469
1931 0.11433893506162472
1932 0.1490717282654248
1933 0.21547525907501885
1934 0.2135385367615029
1935 0.029701554709876062
1936 0.1980205320986657
1937 0.10032735650212825
1938 0.17756914688408562
1939 0.09755134374464638
1940 0.04476065469862341
1941 0.13725439990669877
1942 0.16029166256250169
1943 0.07676496842913119
1944 0.16193596826714446
1945 0.046787428233444
1946 0.15944359041839304
1947 0.16717107609603496
1948 0.20265859628085328
1949 0.01343790077696793
1950 0.15911844307734793
1951 0.12726524087274424
1952 0.2301145385439554
1953 0.1383210534648997
1954 0.1741008538216456
1955 0.07842650981313226
1956 0.09118742856776169
1957 0.17022450369034758
1958 0.10464515776506045
1959 0.05787130318386327
1960 0.07405408418141082
1961 0.1567843306136759
1962 0.032217078329888564
1963 0.0597857880216176
1964 0.21705493910601537
1965 0.18797779006897294
1966 0.10690207039451134
1967 0.15195178105262108
1968 0.013089149244080531
1969 0.1537470121676881
1970 0.19020796677887483
1971 0.247359004864923
1972 0.08146787566113987
1973 0.24235122798979192
1974 0.05016209523934827
1975 0.24510553254109171
1976 0.09464797998984113
1977 0.13912056929252123
1978 0.16311420094551687
1979 0.16518505766222413
1980 0.2068779008068384
1981 0.2051985814089578
1982 0.24539361978926935
1983 0.2642909682020603
1984 0.10810210469841804
1985 0.09392271173280944
1986 0.20671745106141443
1987 0.15232851276214882
1988 0.1337096846983663
1989 0.22769621706537266
1990 0.2607375913031517
1991 0.016390467687360966
1992 0.16799540798511797
1993 0.1829002276680089
1994 0.12418797908944186
1995 0.1682014956446925
1996 0.1358671056139202
1997 0.06803530578688868
1998 0.1434611843372798
1999 0.1742172336759792
2000 0.13038383941232476
2001 0.2069266845288299
2002 0.11627334277137129
2003 0.05259714576728905
2004 0.0055637750455865866
2005 0.14687289873630582
2006 0.2092224981927534
2007 0.0919014450546784
2008 0.21374079135725652
2009 0.1249291159542813
2010 0.23317968451578908
2011 0.0851398516622336
2012 0.19659425795397212
2013 0.11288066402259807
2014 0.05617177129705918
2015 0.13882345763999335
2016 0.1696158637820065
2017 0.20259016039778355
2018 0.17433940315337262
2019 0.07973047860084495
2020 0.20349426165848863
2021 0.18774024927057778
2022 0.21384355759931858
2023 0.2532141551881044
2024 0.16447792040150758
2025 0.07552691674156539
2026 0.1477934383859237
2027 0.09967415801007604
2028 0.26476788490765946
2029 0.13305863759326253
2030 0.14216868933176394
2031 0.2586448645384372
2032 0.12363360997260886
2033 0.1204714382697358
2034 0.1183600984577509
2035 0.16462262915720052
2036 0.18517150669564306
2037 0.09270767788013343
2038 0.12586949381795162
2039 0.18904642033424587
2040 0.11158501941168394
2041 0.18644140003446763
2042 0.08523531176251693
2043 0.1340006828452674
2044 0.07929955704686115
2045 0.003641146246798641
2046 0.08370245319015192
2047 0.09955846216775474
2048 0.26807379166830614
2049 0.031509144622306945
2050 0.21819356660031314
2051 0.15325967959446904
2052 0.09024589603448133
2053 0.19244482833200144
2054 0.1709200041561366
2055 0.07855260725838427
2056 0.12900719634054592
2057 0.08130816732155673
2058 0.062448495306240526
2059 0.20474148813497328
2060 0.10830260834108052
2061 0.24015848580582086
2062 0.144853752596291
2063 0.2056914359502099
2064 0.12533711890955188
2065 0.10532418857452222
2066 0.16620439128779071
2067 0.11495728180221938
2068 0.14617308930692707
2069 0.17186589585739462
2070 0.22244605171122817
2071 0.10426149079368793
2072 0.16828102494793792
2073 0.19632874278801812
2074 0.2436470213678381
2075 0.16553244148609875
2076 0.0033922874975792798
2077 0.11985139358251277
2078 0.1518265982996387
2079 0.1632981997170458
2080 0.2596201029688158
2081 0.01519387976876183
2082 0.137348455086152
2083 0.006229901075381279
2084 0.19064096226224897
2085 0.09668253337887883
2086 0.151846489591695
2087 0.2523109341119535
2088 0.11469010633619205
2089 0.1532252762291889
2090 0.10193497179245083
2091 0.04035139564822313
2092 0.2503575030522293
2093 0.03061739416277382
2094 0.18476117211720108
2095 0.11748958200029148
2096 0.15684679857463565
2097 0.2444452053826061
2098 0.20240670448653797
2099 0.12313446806294709
2100 0.23004299083864257
2101 0.0663357847117687
2102 0.13361785154331302
2103 0.12280925897315348
2104 0.08026806542466483
2105 0.2402780507419237
2106 0.11489733681847339
2107 0.20540445028311838
2108 0.08198063734350278
2109 0.16015717952924358
2110 0.18891224221035247
2111 0.23377830908006664
2112 0.21586238171440406
2113 0.21666079736248137
2114 0.11263195399953375
2115 0.22574331631141165
2116 0.1700895649431551
2117 0.06326010697225783
2118 0.23267669650711428
2119 0.2571961370656993
2120 0.1623431413935797
2121 0.12778449696421235
2122 0.2236886307965323
2123 0.13146159461936674
2124 0.224213567697023
2125 0.13764330765571495
2126 0.11741721182154685
2127 0.1417929763040293
2128 0.2227788302585511
2129 0.25525124319388376
2130 0.2621688318420864
2131 0.2188612889550952
2132 0.1225441218645227
2133 0.21297390606865282
2134 0.26176784735862024
2135 0.19985532492720462
2136 nan
2137 nan
2138 nan
2139 nan
2140 nan
2141 nan
2142 nan
2143 nan
2144 nan
2145 nan
2146 nan
2147 nan
2148 nan
2149 nan
2150 nan
2151 nan
2152 nan
2153 nan
2154 nan
2155 nan
2156 nan
2157 nan
2158 nan
2159 nan
2160 nan
2161 nan
2162 nan
2163 nan
2164 nan
2165 nan
2166 nan
2167 nan
2168 nan
2169 nan
2170 nan
2171 nan
2172 nan
2173 nan
2174 nan
2175 nan
2176 nan
2177 nan
2178 nan
2179 nan
2180 nan
2181 nan
2182 nan
2183 nan
2184 nan
2185 nan
2186 nan
2187 nan
2188 nan
2189 nan
2190 nan
2191 nan
2192 nan
2193 nan
2194 nan
2195 nan
2196 nan
2197 nan
2198 nan
2199 nan
2200 nan
2201 nan
2202 nan
2203 nan
2204 nan
2205 nan
2206 nan
2207 nan
2208 nan
2209 nan
2210 nan
2211 nan
2212 nan
2213 nan
2214 nan
2215 nan
2216 nan
2217 nan
2218 nan
2219 nan
2220 nan
2221 nan
2222 nan
2223 nan
2224 nan
2225 nan
2226 nan
2227 nan
2228 nan
2229 nan
2230 nan
2231 nan
2232 nan
2233 nan
2234 nan
2235 nan
2236 nan
2237 nan
2238 nan
2239 nan
2240 nan
2241 nan
2242 nan
2243 nan
2244 nan
2245 nan
2246 nan
2247 nan
2248 nan
2249 nan
2250 nan
2251 nan
2252 nan
2253 nan
2254 nan
2255 nan
2256 nan
2257 nan
2258 nan
2259 nan
2260 nan
2261 nan
2262 nan
2263 nan
2264 nan
2265 nan
2266 nan
2267 nan
2268 nan
2269 nan
2270 nan
2271 nan
2272 nan
2273 0.0070423096659290125
2274 0.06265345104166439
2275 0.14389663953014212
2276 0.18200427741757394
2277 0.21523310129785714
2278 0.15456671855644433
2279 0.21509465433827096
2280 0.008084437672883313
2281 0.2070090990783587
2282 0.14520734954482087
2283 0.13069627940387868
2284 0.21253932440009818
2285 0.22081678190864312
2286 0.20196064465293465
2287 0.18836061504523893
2288 0.2249666891088775
2289 0.21445716454791508
2290 0.21480496968686325
2291 0.16789527343193053
2292 0.1103281937799752
2293 0.18517910116895264
2294 0.17685843088466846
2295 0.1232054559346088
2296 0.19789025511018343
2297 0.09614023953563974
2298 0.2548077834802222
2299 0.14171913102291547
2300 0.0277215450281921
2301 0.10680927383900786
2302 0.18414241297001901
2303 0.1405480100175831
2304 0.14334245383543318
2305 0.18704675809253668
2306 0.2699875178768887
2307 0.0004295524377191956
2308 0.07585682894017184
2309 0.0874794371592636
2310 0.2086581576922587
2311 0.17845452519529567
2312 0.134549761544219
2313 0.18008752417034982
2314 0.13574340565663248
2315 0.18414216530362992
2316 0.14972503431389608
2317 0.14306656881882565
2318 0.06493840098775829
2319 0.04507295187014126
2320 0.17988109447860076
2321 0.21310635298611677
2322 0.20838359040361595
2323 0.13979340050042763
2324 0.014339151170272495
2325 0.15768377632324784
2326 0.19943019157646166
2327 0.12474381109052797
2328 0.12657975409926553
2329 0.1535553506593395
2330 0.2502336392449929
2331 0.1966372400173272
2332 0.16455134208953248
2333 0.10402933505275927
2334 0.04769491956028898
2335 0.10047208279712218
2336 0.18328403796378528
2337 0.08245418995230618
2338 0.15962947764851057
2339 0.15091411264418322
2340 0.22292204431043272
2341 0.16146701666529029
2342 0.03644059314972537
2343 0.11414209710966249
2344 0.1485620541054221
2345 0.20452538845282092
2346 0.0008999723208897425
2347 0.23860043872119924
2348 0.15562629090733274
2349 0.10404990212683253
2350 0.1991725674106253
2351 0.04844787645924193
2352 0.13520516269225788
2353 0.22018859899045903
2354 0.1669961660453778
2355 0.024978956096727324
2356 0.10882212683594097
2357 0.12375544714197093
2358 0.20673800896590788
2359 0.0538147031665195
2360 0.062209248078699195
2361 0.2053661901616172
2362 0.23713232719886235
2363 0.1372069293533901
2364 0.22486763664971277
2365 0.17008465143815374
2366 0.09379423628766653
2367 0.1285523082042281
2368 0.1812740383016013
2369 0.1725289342350516
2370 0.16170223486289947
2371 0.16407340485716992
2372 0.14550450921595354
2373 0.1010022994684942
2374 0.23435487844768754
2375 0.24784347992123115
2376 0.15470258310731827
2377 0.05957924461558097
2378 0.222191679285363
2379 0.21939991234021533
2380 0.17915669191393313
2381 0.07085919506173839
2382 0.14458389831585053
2383 0.1944860933660681
2384 0.23371587704435107
2385 0.24421052973136623
2386 0.20028211351499783
2387 0.1564649193390429
2388 0.2534372946818795
2389 0.11034563492110061
2390 0.21918707598107526
2391 0.06724329238310667
2392 0.07808246866505841
2393 0.14880129474730092
2394 0.06272105957408332
2395 0.11880490318681823
2396 0.173305669645717
2397 0.2021139941967165
2398 0.1381335747447537
2399 0.1184655716446828
2400 0.18882258916475503
2401 0.16928562169529637
2402 0.19653217787390906
2403 0.16399905982795307
2404 0.03778326421118358
2405 0.1303035914083704
2406 0.09017824640159983
2407 0.16192692137367742
2408 0.1376318193672824
2409 0.1733698840812688
2410 0.16466482199833668
2411 0.14696296545802892
2412 0.20418247316297983
2413 0.17411325542983888
2414 0.14997438085793943
2415 0.01580441284993683
2416 0.11655410530449709
2417 0.23980826238600295
2418 0.14165672758198625
2419 0.1430748062681611
2420 0.18700290048410148
2421 0.169912587481654
2422 0.06349354195628917
2423 0.12667743508300483
2424 0.14720931216923946
2425 0.16473213980415144
2426 0.0030648981890740953
2427 0.033648117811023184
2428 0.13036256050362383
2429 0.07142161988027738
2430 0.1631699179109858
2431 0.1454589539321616
2432 0.16821291140343178
2433 0.1806415557312287
2434 0.13616875336264805
2435 0.10553346276355863
2436 0.18261492266910034
2437 0.15129592438717263
2438 0.18843593128721958
2439 0.12006685147002209
2440 0.266833907955857
2441 0.1183499100217044
2442 0.13703963650901704
2443 0.11688233480311107
2444 0.14836468973286193
2445 0.0889006959832643
2446 0.15216963214581852
2447 0.1507017889438472
2448 0.27307673927839615
2449 0.08867735464910625
2450 0.16612880696128474
2451 0.23245942934196
2452 0.19095735118959875
2453 0.10025117236633176
2454 0.11277577935204272
2455 0.13606895482803227
2456 0.15022287672757315
2457 0.09877011286735589
2458 0.16271956120258113
2459 0.10505464339151435
2460 0.15233375713741842
2461 0.24799922418590775
2462 0.07596724426110464
2463 0.14780570985691982
2464 0.12541307336840957
2465 0.15621828880783076
2466 0.13219905847226607
2467 0.17447401875731078
2468 0.14649534056537203
2469 0.18228283924528352
2470 0.10927879860149965
2471 0.12154988834327538
2472 0.21158864184106643
2473 0.21044530618365473
2474 0.045660939739221765
2475 0.10460494387407522
2476 0.1376815441945651
2477 0.10816682570278857
2478 0.15085858321827345
2479 0.1513928447222479
2480 0.1813208106358232
2481 0.13100967949136424
2482 0.12475305831118988
2483 0.1395765612111373
2484 0.058069390970228736
2485 0.08746309700075632
2486 0.00046754057800605823
2487 0.0007533857943916242
2488 0.12404120621935218
2489 0.17109272452842442
2490 0.16289162930574327
2491 0.13240536767771535
2492 0.18139650682083738
2493 0.15168548695273987
2494 0.21157565498101777
2495 0.03188675876026548
2496 0.20944612741870966
2497 0.2737319665217609
2498 0.23446199550908922
2499 0.18480839682569924
2500 0.12906443554384883
2501 nan
2502 nan
2503 nan
2504 nan
2505 nan
2506 nan
2507 nan
2508 nan
2509 nan
2510 nan
2511 nan
2512 nan
2513 nan
2514 nan
2515 nan
2516 nan
2517 nan
2518 nan
2519 nan
2520 nan
2521 nan
2522 nan
2523 nan
2524 nan
2525 nan
2526 nan
2527 nan
2528 nan
2529 nan
2530 nan
2531 nan
2532 nan
2533 nan
2534 nan
2535 nan
2536 nan
2537 nan
2538 nan
2539 nan
2540 nan
2541 nan
2542 nan
2543 nan
2544 nan
2545 nan
2546 nan
2547 nan
2548 nan
2549 nan
2550 nan
2551 nan
2552 nan
2553 nan
2554 nan
2555 nan
2556 nan
2557 nan
2558 nan
2559 nan
2560 nan
2561 nan
2562 nan
2563 nan
2564 nan
2565 nan
2566 nan
2567 nan
2568 nan
2569 nan
2570 nan
2571 nan
2572 nan
2573 nan
2574 nan
2575 nan
2576 nan
2577 nan
2578 nan
2579 nan
2580 nan
2581 nan
2582 nan
2583 nan
2584 nan
2585 nan
2586 nan
2587 nan
2588 nan
2589 nan
2590 nan
2591 nan
2592 nan
2593 nan
2594 nan
2595 nan
2596 nan
2597 nan
2598 nan
2599 nan
2600 nan
2601 nan
2602 nan
2603 nan
2604 nan
2605 nan
2606 nan
2607 nan
2608 nan
2609 nan
2610 nan
2611 nan
2612 nan
2613 nan
2614 nan
2615 nan
2616 nan
2617 nan
2618 nan
2619 nan
2620 nan
2621 nan
2622 nan
2623 nan
2624 nan
2625 nan
2626 nan
2627 nan
2628 nan
2629 nan
2630 nan
2631 nan
2632 nan
2633 nan
2634 nan
2635 nan
2636 nan
2637 nan
2638 nan
2639 nan
2640 nan
2641 nan
2642 nan
2643 nan
2644 nan
2645 nan
2646 0.0007963245891495005
2647 0.003239330045483054
2648 0.021678601727663387
2649 0.04291286284810405
2650 0.20664711947219244
2651 0.07247896520595545
2652 0.26448971559605056
2653 0.07414518020338522
2654 0.3016913164495521
2655 0.2479398982889708
2656 0.21001459916695303
2657 0.20677005543862922
2658 0.18990061558455676
2659 0.1410126427244063
2660 0.10076337613070781
2661 0.1452847178802726
2662 0.06742516171193215
2663 0.09779739992145396
2664 0.14568459849455684
2665 0.167269635474961
2666 0.22284644856195482
2667 0.25333118880980215
2668 0.2938333866172102
2669 0.22654126731233956
2670 0.17146591431342434
2671 0.1950730313067357
2672 0.037159728235063055
2673 0.157938185702765
2674 0.24185805572699026
2675 0.22160561915969496
2676 0.12307514252140986
2677 0.17479549590226587
2678 0.23703540429417716
2679 0.07227884766317272
2680 0.18331774065014703
2681 0.01788616847640127
2682 0.2900518318081327
2683 0.20299321228660794
2684 0.17869289988369969
2685 0.2385944688384
2686 0.25850467893892315
2687 0.1479826320554585
2688 0.16590247562062255
2689 0.18377911889988746
2690 0.15265588822154633
2691 0.19314351944120617
2692 0.14366624087607405
2693 0.19285678512624463
2694 0.16335790474256465
2695 0.1152752560494667
2696 0.2563081312803624
2697 0.02002418791426286
2698 0.1492186097869606
2699 0.07238978636272175
2700 0.301197553026324
2701 0.14967252751569454
2702 0.2117146598121046
2703 0.09400236114368046
2704 0.1058818218394535
2705 0.1880074298564847
2706 0.006339430780540187
2707 0.17405823783747917
2708 0.1780987395166729
2709 0.25410115363786945
2710 0.21876130042247635
2711 0.1810362674209902
2712 0.13238425151864078
2713 0.19596154836970608
2714 0.2443766592502895
2715 0.22913765381713666
2716 0.12268641334876558
2717 0.11466547335944073
2718 0.02853755513937813
2719 0.05722669342830333
2720 0.23610451184417106
2721 0.14509085753008674
2722 0.21872103292573083
2723 0.21126837055646058
2724 0.16980910807499436
2725 0.21442222826078114
2726 0.2127859639881791
2727 0.12125192314943724
2728 0.15971550326395847
2729 0.07207001524720694
2730 0.10659278125316361
2731 0.15391782438724688
2732 0.24678944952300574
2733 0.16397737980238114
2734 0.1896760297343635
2735 0.1525079108198635
2736 0.1865231899644553
2737 0.20646654216608495
2738 0.2309137249059214
2739 0.22165868624133772
2740 0.16106650398424316
2741 0.13218856301711218
2742 0.17444217987922928
2743 0.1882552897760139
2744 0.20885160860218638
2745 0.165953763710687
2746 0.2482772314595915
2747 0.26854234035126423
2748 0.16752215945407736
2749 0.049950669231828705
2750 0.1312500428652603
2751 0.1685565095142003
2752 0.22307028337959078
2753 0.24334001748914183
2754 0.18704971077236118
2755 0.08278396345520453
2756 0.22886991616211083
2757 0.21415880686004385
2758 0.09794414446382846
2759 0.23324020768929665
2760 0.14071616241582405
2761 0.1820016018886162
2762 0.2855317765105527
2763 0.04857447494038591
2764 0.16378827332691942
2765 0.07531438776545978
2766 0.16646535223119868
2767 0.11412500602330593
2768 0.055988850578877966
2769 0.22529854116361478
2770 0.18466369349482736
2771 0.19397624948976822
2772 0.27904006556987315
2773 0.18424545422054647
2774 0.030800297069166153
2775 0.2119023393229083
2776 0.08514506554310869
2777 0.17154151913696922
2778 0.1523810423430119
2779 0.1391169556789838
2780 0.12687010919296193
2781 0.0636643754455305
2782 0.1976770923814781
2783 0.2512431922899768
2784 0.020668269842510162
2785 0.13074949809516284
2786 0.10112916701617777
2787 0.15439553163217423
2788 0.07277037143571624
2789 0.13079828693461718
2790 0.1586400070570929
2791 0.1955354033696665
2792 0.0508172052467195
2793 0.16807031318303245
2794 0.16465870173100394
2795 0.2750754145737425
2796 0.05394212974152512
2797 0.019281798722904094
2798 0.22564726545835256
2799 0.09957400186794606
2800 0.1818100706663175
2801 0.1738784156416763
2802 0.1712062213692915
2803 0.1785526794774638
2804 0.07335643507025287
2805 0.08195980474605431
2806 0.17179089579527212
2807 4.9993444290498835e-05
2808 0.09471729587669657
2809 0.12865179251581776
2810 0.2491358608987609
2811 0.056788818941077186
2812 0.22497870311398463
2813 0.06995940007755874
2814 0.18248192762967397
2815 0.26197115143434946
2816 0.22816591263711258
2817 0.17393081053467613
2818 0.005583660049792589
2819 0.07843368279066018
2820 0.05389012478142547
2821 0.19015710310769987
2822 0.170928691102422
2823 0.07773492591656042
2824 0.23176602998796106
2825 0.22428815225181753
2826 0.0016479516559381887
2827 0.2582286069771248
2828 0.21406105131428113
2829 0.16176628515217403
2830 0.2461923553191155
2831 0.14293433402365016
2832 0.16596360929632833
2833 0.09003584091942106
2834 0.2083789579948712
2835 0.1771876251535519
2836 0.252097217425419
2837 0.06412131921900378
2838 0.14294314326726734
2839 0.04289703188362885
2840 0.14423055286586992
2841 0.14385516238623133
2842 0.0642315490378834
2843 0.16337517704610222
2844 0.08214410433944183
2845 0.15815465379269716
2846 0.10553757663967667
2847 0.13986840777230128
2848 0.08039843829440504
2849 0.11459436700799015
2850 0.16645620708766506
2851 0.036015736914181765
2852 0.05956203620385646
2853 0.06428834090082094
2854 0.16353228985983018
2855 0.06456514140056699
2856 0.24570473120772626
2857 0.2209915226020896
2858 0.1636762018459376
2859 0.06494251146364191
2860 0.055039483032535315
2861 0.0027267979013209844
2862 0.02103147895584839
2863 0.139589224956314
2864 0.08366799864279612
2865 0.13347815546803218
2866 nan
2867 nan
2868 nan
2869 nan
2870 nan
2871 nan
2872 nan
2873 nan
2874 nan
2875 nan
2876 nan
2877 nan
2878 nan
2879 nan
2880 nan
2881 nan
2882 nan
2883 nan
2884 nan
2885 nan
2886 nan
2887 nan
2888 nan
2889 nan
2890 nan
2891 nan
2892 nan
2893 nan
2894 nan
2895 nan
2896 nan
2897 nan
2898 nan
2899 nan
2900 nan
2901 nan
2902 nan
2903 nan
2904 nan
2905 nan
2906 nan
2907 nan
2908 nan
2909 nan
2910 nan
2911 nan
2912 nan
2913 nan
2914 nan
2915 nan
2916 nan
2917 nan
2918 nan
2919 nan
2920 nan
2921 nan
2922 nan
2923 nan
2924 nan
2925 nan
2926 nan
2927 nan
2928 nan
2929 nan
2930 nan
2931 nan
2932 nan
2933 nan
2934 nan
2935 nan
2936 nan
2937 nan
2938 nan
2939 nan
2940 nan
2941 nan
2942 nan
2943 nan
2944 nan
2945 nan
2946 nan
2947 nan
2948 nan
2949 nan
2950 nan
2951 nan
2952 nan
2953 nan
2954 nan
2955 nan
2956 nan
2957 nan
2958 nan
2959 nan
2960 nan
2961 nan
2962 nan
2963 nan
2964 nan
2965 nan
2966 nan
2967 nan
2968 nan
2969 nan
2970 nan
2971 nan
2972 nan
2973 nan
2974 nan
2975 nan
2976 nan
2977 nan
2978 nan
2979 nan
2980 nan
2981 nan
2982 nan
2983 nan
2984 nan
2985 nan
2986 nan
2987 nan
2988 nan
2989 nan
2990 nan
2991 nan
2992 nan
2993 nan
2994 nan
2995 nan
2996 nan
2997 nan
2998 nan
2999 nan
3000 nan
3001 nan
3002 nan
3003 nan
3004 nan
3005 nan
3006 nan
3007 nan
3008 nan
3009 4.261879774911864e-05
3010 0.01920772350394121
3011 0.1818533431798246
3012 0.04780352366412744
3013 0.06727262697365062
3014 0.23402910876645142
3015 0.23650542738267133
3016 0.26313684108684005
3017 0.21201385518378396
3018 0.24022452023043314
3019 0.12979649301449428
3020 0.2653578016821493
3021 0.13711721175731945
3022 0.17107509722784825
3023 0.199470427753089
3024 0.14002785510771343
3025 0.050016206608537415
3026 0.09138642162920645
3027 0.2096753130631489
3028 0.23324085645558873
3029 0.2219437481117239
3030 0.13116830895114184
3031 0.16643121364553384
3032 0.10343742752667538
3033 0.2515594125837965
3034 0.14674606643617966
3035 0.19174614811929497
3036 0.21860707263724702
3037 0.24827279647278627
3038 0.21558061936288322
3039 0.20298351731658865
3040 0.16129990107745923
3041 0.16879073165856956
3042 0.2587438075349846
3043 0.18679387777371143
3044 0.24486995624538443
3045 0.056864108366086935
3046 0.169087432397864
3047 0.09528915832678413
3048 0.18793614285779653
3049 0.22700054744530224
3050 0.19203374109158078
3051 0.18280815145491325
3052 0.10733120492042171
3053 0.12978523368937306
3054 0.22245262330438484
3055 0.12806510700015583
3056 0.1456932815250858
3057 0.253587611143771
3058 0.24549107243796034
3059 0.15033513240419033
3060 0.23081662082298732
3061 0.10926824397859455
3062 0.12235304627582827
3063 0.24724613067578152
3064 0.04935177076228036
3065 0.2335040949255663
3066 0.2061807598066649
3067 0.16050885138799126
3068 0.010120100750211015
3069 0.2644956215949595
3070 0.1213852897075798
3071 0.19459466854977353
3072 0.08018480152762127
3073 0.02661997918771099
3074 0.1481597879226523
3075 0.19433381894827353
3076 0.12733588715718253
3077 0.19215450631913605
3078 0.13934226331088287
3079 0.17385638447196247
3080 0.17198604978571916
3081 0.09141999449041802
3082 0.2409555110306241
3083 0.20546735139844094
3084 0.2662189628426158
3085 0.24598769843030246
3086 0.18013230445831088
3087 0.11545989411334269
3088 0.14322224459501948
3089 0.1675262426771839
3090 0.2521068564650212
3091 0.07162182002171455
3092 0.1566070077490844
3093 0.11034714581509461
3094 0.09364075886562664
3095 0.15416439764961987
3096 0.08053076541646226
3097 0.2322305572598729
3098 0.21424460822822408
3099 0.1446970170400172
3100 0.1788798114683456
3101 0.060599815828841774
3102 0.24863327114079983
3103 0.20377757172608366
3104 0.22973536238791026
3105 0.07801737019257554
3106 0.18895814368670769
3107 0.12347440405989296
3108 0.1660806282710439
3109 0.18885726069311623
3110 0.14976808797699692
3111 0.07654256510311691
3112 0.14302306337250076
3113 0.18299480969475687
3114 0.11878239739343219
3115 0.06795082358758722
3116 0.17360015066108864
3117 0.1649198256264354
3118 0.23535098101409746
3119 0.1722283860188529
3120 0.08534101475229931
3121 0.16934878360979017
3122 0.23882599383454875
3123 0.17687079968893982
3124 0.1382806364545611
3125 0.15538136580352613
3126 0.05222780741419978
3127 0.15286780921563026
3128 0.1443042529884821
3129 0.05766311561587574
3130 0.20302791199095171
3131 0.17203497704883924
3132 0.11061998731370055
3133 0.21527389267746094
3134 0.23283615746591318
3135 0.09669982233336437
3136 0.11233645021127404
3137 0.21100917240774852
3138 0.11056993079371143
3139 0.07395511228776583
3140 0.21087113129051627
3141 0.08003894042903277
3142 0.06774808400673317
3143 0.16107203065929362
3144 0.14954082151468298
3145 0.249757378633631
3146 0.17348730011589336
3147 0.17756957096973505
3148 0.11719597221569335
3149 0.17001979138263443
3150 0.05695417688197074
3151 0.22321333127623522
3152 0.13721248501067135
3153 0.19068103523969784
3154 0.15436417489559284
3155 0.09441578753991178
3156 0.2010369946849648
3157 0.13323987034935406
3158 0.13843353404905964
3159 0.15754716722609938
3160 0.13404111894190213
3161 0.1356325850797225
3162 0.1600922941905753
3163 0.27173630219323514
3164 0.20937517608226083
3165 0.21550875255179505
3166 0.2645722550963411
3167 0.203392151485122
3168 0.09162039239937682
3169 0.12492265825203065
3170 0.22034438381394955
3171 0.12211536478695399
3172 0.10216605162068723
3173 0.15898693626493515
3174 0.12627801564927954
3175 0.21441607814802585
3176 0.16515185034190538
3177 0.17517348717379846
3178 0.1296833598043258
3179 0.20342408581227794
3180 0.1258429913770877
3181 0.04346588185553459
3182 0.1633902749279506
3183 0.15382525523300142
3184 0.1674609473761868
3185 0.19865538967047516
3186 0.12593207314490623
3187 0.19789727512950211
3188 0.176264495072313
3189 0.015100805954521837
3190 0.22483150384624298
3191 0.07101297366373624
3192 0.20449774027990197
3193 0.14958965773564314
3194 0.1576151982415863
3195 0.20400929641107257
3196 0.16478569560728892
3197 0.17092571270899218
3198 0.20671085405952708
3199 0.0930736922703606
3200 0.04440730276681967
3201 0.21125472125263708
3202 0.08247523299365467
3203 0.08152935146646245
3204 0.20055887310546855
3205 0.14795916778677592
3206 0.14228713849914368
3207 0.07785492783218126
3208 0.19713839705198133
3209 0.15944359965119836
3210 0.15863971174439512
3211 0.11271610577022884
3212 0.19000002611486652
3213 0.19447989302239105
3214 0.19983037890970343
3215 0.036639794560768914
3216 0.011576690007332425
3217 0.17195154392328577
3218 0.20396452188591394
3219 0.1989352624337727
3220 0.10248772355520609
3221 0.20340118238924684
3222 0.12530695514349757
3223 0.17225808163030856
3224 0.22638322739493338
3225 0.18156111209393447
3226 0.10190998872239172
3227 0.15316008856802946
3228 0.1349189496235446
3229 0.09286629399585808
3230 0.054509859034981414
3231 nan
3232 nan
3233 nan
3234 nan
3235 nan
3236 nan
3237 nan
3238 nan
3239 nan
3240 nan
3241 nan
3242 nan
3243 nan
3244 nan
3245 nan
3246 nan
3247 nan
3248 nan
3249 nan
3250 nan
3251 nan
3252 nan
3253 nan
3254 nan
3255 nan
3256 nan
3257 nan
3258 nan
3259 nan
3260 nan
3261 nan
3262 nan
3263 nan
3264 nan
3265 nan
3266 nan
3267 nan
3268 nan
3269 nan
3270 nan
3271 nan
3272 nan
3273 nan
3274 nan
3275 nan
3276 nan
3277 nan
3278 nan
3279 nan
3280 nan
3281 nan
3282 nan
3283 nan
3284 nan
3285 nan
3286 nan
3287 nan
3288 nan
3289 nan
3290 nan
3291 nan
3292 nan
3293 nan
3294 nan
3295 nan
3296 nan
3297 nan
3298 nan
3299 nan
3300 nan
3301 nan
3302 nan
3303 nan
3304 nan
3305 nan
3306 nan
3307 nan
3308 nan
3309 nan
3310 nan
3311 nan
3312 nan
3313 nan
3314 nan
3315 nan
3316 nan
3317 nan
3318 nan
3319 nan
3320 nan
3321 nan
3322 nan
3323 nan
3324 nan
3325 nan
3326 nan
3327 nan
3328 nan
3329 nan
3330 nan
3331 nan
3332 nan
3333 nan
3334 nan
3335 nan
3336 nan
3337 nan
3338 nan
3339 nan
3340 nan
3341 nan
3342 nan
3343 nan
3344 nan
3345 nan
3346 nan
3347 nan
3348 nan
3349 nan
3350 nan
3351 nan
3352 nan
3353 nan
3354 nan
3355 nan
3356 nan
3357 nan
3358 nan
3359 nan
3360 nan
3361 nan
3362 nan
3363 nan
3364 nan
3365 0.002086011057364151
3366 0.0021894212429125165
3367 0.046097649819339954
3368 0.034601586344711825
3369 0.16009455788465582
3370 0.2850601526855269
3371 0.20334140647974966
3372 0.25719212882356723
3373 0.14190094790991878
3374 0.004976937711845983
3375 0.21719580428211385
3376 0.12428638326818205
3377 0.24818942102334712
3378 0.21684147001374487
3379 0.20914111873203953
3380 0.09361156202886227
3381 0.08439662905816768
3382 0.14474773749611886
3383 0.20441390508652488
3384 0.16771514229299644
3385 0.013588801222108537
3386 0.11408146783198247
3387 0.20720768584736868
3388 0.1944953131579653
3389 0.22720577888516166
3390 0.07014385889915874
3391 0.23203330504320382
3392 0.19016481171446958
3393 0.2013392703361517
3394 0.03129021830526491
3395 0.1890328925848115
3396 0.2670218497194479
3397 0.00946350833872254
3398 0.13346531319055363
3399 0.011820732037426616
3400 0.019762106923973708
3401 0.2093111141655011
3402 0.07211022164066762
3403 0.131644949439965
3404 0.05465008152685323
3405 0.03923870098456337
3406 0.18466935966435763
3407 0.08996493929539019
3408 0.030843312848816588
3409 0.08627192177313868
3410 0.014050874016672888
3411 0.09603998984987426
3412 0.22344650954633713
3413 0.1736314417952664
3414 4.439624595381207e-05
3415 0.10763009021540135
3416 0.11734775878700467
3417 0.21541704363769767
3418 0.23749024271964142
3419 0.2325747214945171
3420 0.1854435534430696
3421 0.07380770471169704
3422 0.11605814169551819
3423 0.004348401716975702
3424 0.11241786743848087
3425 0.19164783550661368
3426 0.18714882876425065
3427 0.23921814044737855
3428 0.12353955778858974
3429 0.18434143805279957
3430 0.2409487254234594
3431 0.19342530674793457
3432 0.19248397637714837
3433 0.20603925860721944
3434 0.11045411047902069
3435 0.12356650558810389
3436 0.0808700138253395
3437 0.2101816696063786
3438 0.17712234872647686
3439 0.16631166276145024
3440 0.11362060646479694
3441 0.13781449619365252
3442 0.1336428528389693
3443 0.16150182202405194
3444 0.010600457313262882
3445 0.1714701906536848
3446 0.24000078304155603
3447 0.11155352769680961
3448 0.11984984714566775
3449 0.09166291791251702
3450 0.10269995850623712
3451 0.09889841286959841
3452 0.19625480220264155
3453 0.1669306210165532
3454 0.2000317658091102
3455 0.1252033754681413
3456 0.2102128959766589
3457 0.2271482783702868
3458 0.20616637652849312
3459 0.09293651177874379
3460 0.16127575083131557
3461 0.1697398106314862
3462 0.14591661964436195
3463 0.1042931711106374
3464 0.24464856408126215
3465 0.1612790305016826
3466 0.11343904953957877
3467 0.18553194113875632
3468 0.13395925885040125
3469 0.1330277525938523
3470 0.17561235740722667
3471 0.20844692899599873
3472 0.12072691442880058
3473 0.1848959132978978
3474 0.034720142467529275
3475 0.01862477975727011
3476 0.2280127618604596
3477 0.15045957660394835
3478 0.19739591293253927
3479 0.08181934407001622
3480 0.24711023697580364
3481 0.12095817515964273
3482 0.12467765949971622
3483 0.2245127916242769
3484 0.11308657050758573
3485 0.18514476311413008
3486 0.030351918894312498
3487 0.18590676145957066
3488 0.2381659258478508
3489 0.18327274933857815
3490 0.04169972706351569
3491 0.09335030898245003
3492 0.15294426974179084
3493 0.19728948644386204
3494 0.20964318504520613
3495 0.13015881604805374
3496 0.0610144935242234
3497 0.15107122061029907
3498 0.22368415023668867
3499 0.17306022144030972
3500 0.22887792501627335
3501 0.20581953230192174
3502 0.14507477222072082
3503 0.08914938619055447
3504 0.20228932916688455
3505 0.20103022461901812
3506 0.07825162166295187
3507 0.24498290341944795
3508 0.08943736291556259
3509 0.2682580423402294
3510 0.09287060859536325
3511 0.0449828968658976
3512 0.14336008328765082
3513 0.12413667098585467
3514 0.20933394171036154
3515 0.07205030769511293
3516 0.05304820992302141
3517 0.16618616829419383
3518 0.139221995408253
3519 0.11091946341403659
3520 0.1801829526717362
3521 0.21592253160058705
3522 0.18049060571273648
3523 0.02043491195520301
3524 0.14296898128610153
3525 0.06859972451847889
3526 0.06813185939582701
3527 0.07464716048264518
3528 0.008256491239265954
3529 0.16111520798769258
3530 0.0034576201141066276
3531 0.17590782791801363
3532 0.07056628992923188
3533 0.12936525490557896
3534 0.133597051367897
3535 0.22371360426481673
3536 0.07972257153473435
3537 0.022316097974515215
3538 0.1666210811483829
3539 0.20497299353904316
3540 0.023411305045431735
3541 0.15488329593655178
3542 0.22697390478382934
3543 0.08288640198966048
3544 0.17104622326941382
3545 0.05386221457826339
3546 0.07369406993901549
3547 0.25123327736524537
3548 0.10981885015345114
3549 0.203074426259539
3550 0.1588088403583977
3551 0.20047441286219653
3552 0.23324455828585938
3553 0.12282256304876041
3554 0.20322958555077014
3555 0.05203994435764297
3556 0.24541239496311382
3557 0.030674001034501276
3558 0.24806944781880116
3559 0.12080127487805921
3560 0.06961447709494134
3561 0.16913265531372493
3562 0.14853068436047662
3563 0.1812506582161937
3564 0.1063968763577073
3565 0.064257674414875
3566 0.13209647055360935
3567 0.18625397027906498
3568 0.16192456305687297
3569 0.006830935565052823
3570 0.15568258502259713
3571 0.14892642306289453
3572 0.0678085521591348
3573 0.20922107151516312
3574 0.03816299146312761
3575 0.09408644215250686
3576 0.10952260532460714
3577 0.14767299823147292
3578 0.17352200203553061
3579 0.20959780436237346
3580 0.160829473009599
3581 0.07722419922703058
3582 0.09246794193281567
3583 0.16134133305695442
3584 0.20816602198683276
3585 0.15522954681228465
3586 0.10304979271109027
3587 0.07367444794226283
3588 0.09170941540095526
3589 0.0017864551876948934
3590 0.15518724048400054
3591 0.18881694560919338
3592 0.12395079838499075
3593 0.19180321304041306
3594 0.14268361677540842
3595 0.1536140960658119
3596 nan
3597 nan
3598 nan
3599 nan
3600 nan
3601 nan
3602 nan
3603 nan
3604 nan
3605 nan
3606 nan
3607 nan
3608 nan
3609 nan
3610 nan
3611 nan
3612 nan
3613 nan
3614 nan
3615 nan
3616 nan
3617 nan
3618 nan
3619 nan
3620 nan
3621 nan
3622 nan
3623 nan
3624 nan
3625 nan
3626 nan
3627 nan
3628 nan
3629 nan
3630 nan
3631 nan
3632 nan
3633 nan
3634 nan
3635 nan
3636 nan
3637 nan
3638 nan
3639 nan
3640 nan
3641 nan
3642 nan
3643 nan
3644 nan
3645 nan
3646 nan
3647 nan
3648 nan
3649 nan
3650 nan
3651 nan
3652 nan
3653 nan
3654 nan
3655 nan
3656 nan
3657 nan
3658 nan
3659 nan
3660 nan
3661 nan
3662 nan
3663 nan
3664 nan
3665 nan
3666 nan
3667 nan
3668 nan
3669 nan
3670 nan
3671 nan
3672 nan
3673 nan
3674 nan
3675 nan
3676 nan
3677 nan
3678 nan
3679 nan
3680 nan
3681 nan
3682 nan
3683 nan
3684 nan
3685 nan
3686 nan
3687 nan
3688 nan
3689 nan
3690 nan
3691 nan
3692 nan
3693 nan
3694 nan
3695 nan
3696 nan
3697 nan
3698 nan
3699 nan
3700 nan
3701 nan
3702 nan
3703 nan
3704 nan
3705 nan
3706 nan
3707 nan
3708 nan
3709 nan
3710 nan
3711 nan
3712 nan
3713 nan
3714 nan
3715 nan
3716 nan
3717 nan
3718 nan
3719 nan
3720 nan
3721 nan
3722 nan
3723 nan
3724 nan
3725 nan
3726 nan
3727 nan
3728 nan
3729 nan
3730 nan
3731 nan
3732 nan
3733 nan
3734 nan
3735 nan
3736 nan
3737 0.01750107064676284
3738 0.04553104421854205
3739 0.11880600797383108
3740 0.05003958539031455
3741 0.1836696333034618
3742 0.06639430453559177
3743 0.12818673730177071
3744 0.2285252575717737
3745 0.22537478123811164
3746 0.19270336837234783
3747 0.1138048546635224
3748 0.218242839684968
3749 0.19399009506612708
3750 0.17953718065355387
3751 0.18190862335863184
3752 0.12769328533946514
3753 0.08012711459005063
3754 0.26762404557859387
3755 0.23964138781414002
3756 0.11394087010196476
3757 0.23595739876920022
3758 0.13211096665355873
3759 0.22744516745953272
3760 0.1632840899745638
3761 0.12970707565595482
3762 0.2337201495521206
3763 0.12242149147222282
3764 0.17571289711992077
3765 0.15447772258090167
3766 0.11812498856036768
3767 0.2345797346409008
3768 0.061397810532277615
3769 0.1860281334492535
3770 0.17073932277425016
3771 0.2483735014198384
3772 0.09419875144952301
3773 0.1177921925392394
3774 0.03903250942678092
3775 0.15604443758880307
3776 0.2534322789403242
3777 0.1461049831482013
3778 0.22321215738271571
3779 0.11519523962372229
3780 0.213324330682581
3781 0.1876299134702993
3782 0.23681976423723378
3783 0.07529691361100789
3784 0.21350265860185677
3785 0.11716385707432155
3786 0.2329951671221843
3787 0.1220414327196685
3788 0.16370264215899746
3789 0.1665842780620418
3790 0.0594246793216381
3791 0.13081697470143916
3792 0.19467483234420804
3793 0.10397315538944438
3794 0.00511664882756097
3795 0.08874482913255496
3796 0.13396285298277397
3797 0.19186533025277708
3798 0.17840709373844116
3799 0.06817806072264762
3800 0.13217772060200192
3801 0.1240348266609931
3802 0.24232020176212005
3803 0.2321969597145286
3804 0.1039327125617382
3805 0.05057446373400071
3806 0.05580162905172633
3807 0.03825036752966046
3808 0.22836577012930648
3809 0.2538365811173021
3810 0.13937333380699307
3811 0.18444935232544846
3812 0.20469791316597633
3813 0.08847799287949676
3814 0.1228680183209501
3815 0.0708895672499341
3816 0.041552527905494505
3817 0.22967442392319512
3818 0.025100619352377763
3819 0.12355457447913643
3820 0.1261974102407785
3821 0.15637230832995805
3822 0.20760935793003846
3823 0.14542245157422645
3824 0.2465364047123992
3825 0.18250447369663542
3826 0.19551359434983007
3827 0.07756215813659688
3828 0.12085622992487718
3829 0.05876792084576958
3830 0.086781418549706
3831 0.14660934415821564
3832 0.1169983497770709
3833 0.08855199862573014
3834 0.14898650667006455
3835 0.17554038713073172
3836 0.16446152882542994
3837 0.07266435694073287
3838 0.22497607468672226
3839 1.0121328092170877e-05
3840 0.16605900972225535
3841 0.2575665191426105
3842 0.16318072793334487
3843 0.044958573392944075
3844 0.09675627458039948
3845 0.07197229946933185
3846 0.13820001648364363
3847 0.09968443695464402
3848 0.1022395031895623
3849 0.04087311758804152
3850 0.09011389530714718
3851 0.10848587906059207
3852 0.09998499120278108
3853 0.19062393720580423
3854 0.18847604181625563
3855 0.20649694998158033
3856 0.17039471528661423
3857 0.18760173122254203
3858 0.04934796141606512
3859 0.12282007227619746
3860 0.06557327966411229
3861 0.17998985938504097
3862 0.01353451831446251
3863 0.10993242679000559
3864 0.12237580331847685
3865 0.2240590151587788
3866 0.24301070595752094
3867 0.21416696535290713
3868 0.15747917793374905
3869 0.08494940524378472
3870 0.10042464749056283
3871 0.18827544475744928
3872 0.17016707115492125
3873 0.14538114550119702
3874 0.1587076523107476
3875 0.18041211988183012
3876 0.18844530809607973
3877 0.07238960771558846
3878 0.19502619272818747
3879 0.22864737051966474
3880 0.11953421207980483
3881 0.15102506385730047
3882 0.1420277907401115
3883 0.016147401398691322
3884 0.05048738744617199
3885 0.13880965035193707
3886 0.1749234493373952
3887 0.11907366533220937
3888 0.16293759628983928
3889 0.13093104186326524
3890 0.13205689652763672
3891 0.21154880148208435
3892 0.037141832837949196
3893 0.14276447025834715
3894 0.2482556520789042
3895 0.118171965064855
3896 0.1387363779378802
3897 0.0838339939182359
3898 0.07879158662275061
3899 0.19137017507440557
3900 0.013414238487273016
3901 0.11319872250069632
3902 0.10388377049031228
3903 0.23373539277068164
3904 0.0729205217294449
3905 0.17954680920913443
3906 0.14235394815762867
3907 0.10166738598107251
3908 0.24804628710917312
3909 0.08105308716266721
3910 0.22640833888301973
3911 0.07522240052274165
3912 0.12532838300924198
3913 0.11981315423528491
3914 0.21418162200669746
3915 0.13509978836342898
3916 0.16588207047372022
3917 0.12208594419592793
3918 0.09160454727704306
3919 0.12227250522766978
3920 0.11776190349211269
3921 0.16173246773296157
3922 0.1496401981934457
3923 0.1042504306832731
3924 0.15192981091264293
3925 0.1252394069951639
3926 0.09401994022663662
3927 0.018155046585512903
3928 0.018047509439665266
3929 0.0851831543790596
3930 0.16835919515524445
3931 0.02093097527672898
3932 0.13038955593058366
3933 0.15771587407166485
3934 0.11358883336542146
3935 0.16649796587383558
3936 0.051225737020920176
3937 0.10816855578831622
3938 4.542211966277369e-05
3939 0.027373576646423977
3940 0.18739726130435277
3941 0.17465362528085168
3942 0.1771313735023641
3943 0.08875779517287812
3944 0.12248055175605808
3945 0.11533467318345951
3946 0.04446054157372473
3947 0.16979429542638536
3948 0.06944358318640968
3949 0.1158012648098424
3950 0.09082366975296564
3951 0.08895567333274057
3952 0.09476944751116848
3953 0.17291840082385684
3954 0.18375171941542703
3955 0.1515428373837468
3956 0.06346643386211696
3957 0.04314385658893635
3958 0.24245602358229298
3959 0.1991338839150379
3960 0.09547595148937696
3961 nan
3962 nan
3963 nan
3964 nan
3965 nan
3966 nan
3967 nan
3968 nan
3969 nan
3970 nan
3971 nan
3972 nan
3973 nan
3974 nan
3975 nan
3976 nan
3977 nan
3978 nan
3979 nan
3980 nan
3981 nan
3982 nan
3983 nan
3984 nan
3985 nan
3986 nan
3987 nan
3988 nan
3989 nan
3990 nan
3991 nan
3992 nan
3993 nan
3994 nan
3995 nan
3996 nan
3997 nan
3998 nan
3999 nan
4000 nan
4001 nan
4002 nan
4003 nan
4004 nan
4005 nan
4006 nan
4007 nan
4008 nan
4009 nan
4010 nan
4011 nan
4012 nan
4013 nan
4014 nan

Correlations for testing data: TLAI_pft7
0 nan
1 nan
2 nan
3 nan
4 nan
5 nan
6 nan
7 nan
8 nan
9 nan
10 nan
11 nan
12 nan
13 nan
14 nan
15 nan
16 nan
17 nan
18 nan
19 nan
20 nan
21 nan
22 nan
23 nan
24 nan
25 nan
26 nan
27 nan
28 nan
29 nan
30 nan
31 nan
32 nan
33 nan
34 nan
35 nan
36 nan
37 nan
38 nan
39 nan
40 nan
41 nan
42 nan
43 nan
44 nan
45 nan
46 nan
47 nan
48 nan
49 nan
50 nan
51 nan
52 nan
53 nan
54 nan
55 nan
56 nan
57 nan
58 nan
59 nan
60 nan
61 nan
62 nan
63 nan
64 nan
65 nan
66 nan
67 nan
68 nan
69 nan
70 nan
71 nan
72 nan
73 nan
74 nan
75 nan
76 nan
77 nan
78 nan
79 nan
80 nan
81 nan
82 nan
83 nan
84 nan
85 nan
86 nan
87 0.026737607404618596
88 0.02312635467355435
89 0.1339942101546638
90 0.22832982380061348
91 0.24857528940171433
92 0.06438887065793064
93 0.09813282517211543
94 0.19444502688554585
95 0.15896401537432375
96 0.19530350646575473
97 0.16557564439976627
98 0.0915762531433348
99 0.15051092564725485
100 0.1333485283189194
101 0.04575004407324268
102 0.2355128699382863
103 0.17823114740380558
104 0.15088174255661016
105 0.1480647566315871
106 0.14521361988785808
107 0.19971542973947692
108 0.21434804578148475
109 0.11921800873791953
110 0.23424039099661909
111 0.1890500889322192
112 0.035175905087215846
113 0.10836504311428145
114 0.04594559356580351
115 0.09147139533338056
116 0.14964987091193507
117 0.10207745237610598
118 0.17127086273951433
119 0.17629573927468217
120 0.010302318948188775
121 0.16854247867211014
122 0.17445970780755357
123 0.14777286652772229
124 0.14690146859564257
125 0.12581293562860596
126 0.15136064732788218
127 0.016814189061318836
128 0.21191118874629603
129 0.13653283529682095
130 0.24934139745503273
131 0.18452349832826187
132 0.2553943700406549
133 0.10518713334316061
134 0.17203138733160236
135 0.15955284363987354
136 0.12533407131574517
137 0.16342537852961955
138 0.2170942041884039
139 0.10466773255098172
140 0.224320266031199
141 0.15658911792984587
142 0.14033516659508424
143 0.1797862281571541
144 0.13931628503325164
145 0.21084832611338664
146 0.0958608291240423
147 0.12548387705327133
148 0.12768191365815948
149 0.28356201588081215
150 0.13444359859922106
151 0.267295391256605
152 0.17699538567678724
153 0.18786758547678378
154 0.0919300494732391
155 0.09734137136996213
156 0.15541068853650714
157 0.06829927520085374
158 0.1327500207877649
159 0.015284952398052136
160 0.13275790373805643
161 0.15523122395866773
162 0.11684961108333865
163 0.163296735256048
164 0.22076713060101213
165 0.19328718600159528
166 0.006250276869249953
167 0.12952959796914307
168 0.2201938318521671
169 0.11695117095177537
170 0.06594842344033351
171 0.14088813390521482
172 0.14749997301617634
173 0.22631019132971988
174 0.18814781585398066
175 0.14107146069506274
176 0.25997636361323184
177 0.2389203909580229
178 0.2127353034103976
179 0.05768808675659699
180 0.1282936786431787
181 0.09818963647334172
182 0.06896984374151495
183 0.14253251335253744
184 0.19834694692285704
185 0.1418754037747621
186 0.17977314779643716
187 0.16046179754084824
188 0.18122753056302762
189 0.14391467436606994
190 0.18740355566920455
191 0.12942275514681154
192 0.15360006664055575
193 0.10487698379959848
194 0.004891224043800831
195 0.1669187755504224
196 0.1821521659968334
197 0.13348742735847233
198 0.14063152326636572
199 0.11703695800780486
200 0.12513287225022465
201 0.15871262779928264
202 0.19683496370697967
203 0.061547611406154897
204 0.03719160415668916
205 0.14116322255528357
206 0.13663578749618607
207 0.030250721557276594
208 0.08800869489849282
209 0.16694123119710216
210 0.07201106419471064
211 0.20037510851453125
212 0.021218516902327036
213 0.1831665701255051
214 0.1324672301717269
215 0.007911845078237261
216 0.10968274496647284
217 0.10912135005536047
218 0.17047536577604103
219 0.16305859697992528
220 0.14392501647078842
221 0.10234500606898828
222 0.12073119748734677
223 0.1622528679887675
224 0.17039932007629804
225 0.09030811640693662
226 0.1556154451662583
227 0.1113426694976332
228 0.0788136522378055
229 0.1158871856369633
230 0.13926599368817774
231 0.15337772706692282
232 0.1517823616937908
233 0.07851881111551198
234 0.16856306678119726
235 0.2003299156116878
236 0.12385882678068419
237 0.07584040386832491
238 0.16063636923388663
239 0.14187349766540175
240 0.056634601670952175
241 0.14855587057307623
242 0.12315522525102772
243 0.15578844788698262
244 0.19246566347283167
245 0.03102795519497619
246 0.19897373616048294
247 0.11437303518075391
248 0.21722457197976439
249 0.025056626730576893
250 0.1280264919598383
251 0.03591066466637303
252 0.1158965783641594
253 0.2211243562322488
254 0.09831662267358629
255 0.11638130895235063
256 0.12683181712764996
257 0.16242302902396907
258 0.2211598580030701
259 0.08341870579553837
260 0.1750065629258057
261 0.19080948403626255
262 0.09920787617905401
263 0.0671349797819361
264 0.11947436987047821
265 0.1750307019289215
266 0.16902943031519305
267 0.017695335497259396
268 0.12884389323373885
269 0.05362970573327409
270 0.18576825282297102
271 0.02639832243880411
272 0.21627345486154548
273 0.11669872772411508
274 0.15014393487806238
275 0.06478779442110631
276 0.06495042090124528
277 0.1404408015640287
278 0.10855151789839632
279 0.09142186026257537
280 0.19421473771668524
281 0.0473358313919715
282 0.08142705248472536
283 0.20233798580892873
284 0.21033369666867419
285 0.1230774775309376
286 0.09301965591869192
287 0.1595729024811395
288 0.09711161940959502
289 0.0829916876932103
290 0.1036749422403374
291 0.08370716293725053
292 0.028150791390476944
293 0.1346353908732943
294 0.0985288633319261
295 0.14651393675022534
296 0.12901740275429371
297 0.18444443419667356
298 0.138022084478386
299 0.09010928509684267
300 0.18318184049080835
301 0.07492780640324748
302 0.12874735184512348
303 0.15281339993076876
304 0.13620669747561331
305 0.20434202808860258
306 0.1785261667386021
307 0.18611070651782746
308 0.06641313345787994
309 0.15583436633353306
310 0.19792529410042048
311 nan
312 nan
313 nan
314 nan
315 nan
316 nan
317 nan
318 nan
319 nan
320 nan
321 nan
322 nan
323 nan
324 nan
325 nan
326 nan
327 nan
328 nan
329 nan
330 nan
331 nan
332 nan
333 nan
334 nan
335 nan
336 nan
337 nan
338 nan
339 nan
340 nan
341 nan
342 nan
343 nan
344 nan
345 nan
346 nan
347 nan
348 nan
349 nan
350 nan
351 nan
352 nan
353 nan
354 nan
355 nan
356 nan
357 nan
358 nan
359 nan
360 nan
361 nan
362 nan
363 nan
364 nan
365 nan
366 nan
367 nan
368 nan
369 nan
370 nan
371 nan
372 nan
373 nan
374 nan
375 nan
376 nan
377 nan
378 nan
379 nan
380 nan
381 nan
382 nan
383 nan
384 nan
385 nan
386 nan
387 nan
388 nan
389 nan
390 nan
391 nan
392 nan
393 nan
394 nan
395 nan
396 nan
397 nan
398 nan
399 nan
400 nan
401 nan
402 nan
403 nan
404 nan
405 nan
406 nan
407 nan
408 nan
409 nan
410 nan
411 nan
412 nan
413 nan
414 nan
415 nan
416 nan
417 nan
418 nan
419 nan
420 nan
421 nan
422 nan
423 nan
424 nan
425 nan
426 nan
427 nan
428 nan
429 nan
430 nan
431 nan
432 nan
433 nan
434 nan
435 nan
436 nan
437 nan
438 nan
439 nan
440 nan
441 nan
442 nan
443 nan
444 nan
445 nan
446 nan
447 nan
448 nan
449 nan
450 nan
451 nan
452 nan
453 nan
454 nan
455 nan
456 nan
457 nan
458 nan
459 nan
460 nan
461 nan
462 nan
463 nan
464 nan
465 nan
466 nan
467 nan
468 nan
469 0.00040961897443766234
470 0.02558982323880167
471 0.09692917444745605
472 0.054631633142897026
473 0.15156339758688295
474 0.15314591088510696
475 0.06867058234533104
476 0.11741430976764419
477 0.17465088108737967
478 0.2165067435940129
479 0.15723327772678086
480 0.015479617914801883
481 0.15486002414643132
482 0.21209460570298794
483 0.16600303475983547
484 0.21312361920465311
485 0.22048037897845013
486 0.09439431640133383
487 0.16715678304517914
488 0.22218402749718208
489 0.0625528330422914
490 0.19389867113947457
491 0.20008948840862947
492 0.1814523324908503
493 0.0997444332803069
494 0.12981339020727126
495 0.19753789478374043
496 0.1754300816867365
497 0.15562290196836556
498 0.04974388615783344
499 0.03356091261418767
500 0.05564627844436326
501 0.17996024556592827
502 0.17809425678514335
503 0.06521474834047246
504 0.1917774297228609
505 0.13402683025688583
506 0.16041326748350498
507 0.19017718894011146
508 0.017803246217322023
509 0.10683589685866234
510 0.22247973930897355
511 0.137679065926962
512 0.16732867834937748
513 0.20679488010797842
514 0.09554215966172958
515 0.11272167294807796
516 0.18673505737179089
517 0.14979285535678233
518 0.12841230786471322
519 0.12700074805969894
520 0.17405486296710565
521 0.015551717986886066
522 0.014489025643256225
523 0.054710247060257976
524 0.1731390953272798
525 0.19341705603654366
526 0.21176993535444774
527 0.1767072063737608
528 0.13874873457312425
529 0.12123448679968027
530 0.12765306730382261
531 0.16664549200217754
532 0.12787498607854517
533 0.027334597801433016
534 0.03539113717777993
535 0.10518166635277555
536 0.19720064365849654
537 0.18972586624145382
538 0.09678328738906683
539 0.10389217571425888
540 0.1506319554287064
541 0.1347614131318909
542 0.18947281147219808
543 0.033409820148760566
544 0.10657202769702026
545 0.1612577909255029
546 0.03435639782959687
547 0.09053733073590632
548 0.07561351519503054
549 0.08707529691045697
550 0.04072400670248241
551 0.14365810738680512
552 0.1668042188613546
553 0.030771536314061442
554 0.13698626127472321
555 0.11692377291657753
556 0.005399364944505299
557 0.11753037058840315
558 0.16936283835984786
559 0.06224567638395251
560 0.17542972880884958
561 0.14582099566319473
562 0.09585785896362672
563 0.11794600352088376
564 0.1358122379212551
565 0.14818824744401674
566 0.11784780177543282
567 0.15994800945269258
568 0.06181064905324393
569 0.16918346027147887
570 0.16309532110252367
571 0.2073085391530813
572 0.18748705594022652
573 0.06050749877098985
574 0.09993904184468494
575 0.19557677723350445
576 0.0057450493485299535
577 0.19452341420686092
578 0.06593624919158005
579 0.16808417835007336
580 0.2074532157965614
581 0.007289506615067849
582 0.11203996092907104
583 0.18294976363285706
584 0.1322874058454058
585 0.12799274637654148
586 0.046750649668997696
587 0.16889553689797523
588 0.1622929752937594
589 0.10122845125539244
590 0.21342109249678234
591 0.16345829054510108
592 0.13404337318577805
593 0.17411705644310227
594 0.17879514346899583
595 0.07984539090903471
596 0.15688897721339343
597 0.01801902639714617
598 0.16341738648946313
599 0.10969427296231138
600 0.1412126211606972
601 0.18056337966768726
602 0.11649313591145391
603 0.1721885225061707
604 0.1944609335032714
605 0.11247928283274104
606 0.2209465800346581
607 0.21524650087807615
608 0.06326093167985962
609 0.1239124680431071
610 0.19319467531175277
611 0.004075561932681786
612 0.13025851102736624
613 0.20475040357008292
614 0.08970377083759076
615 0.19978615563819954
616 0.19709320311595735
617 0.1920177168297466
618 0.19975011485640704
619 0.17278971241194527
620 0.18339309019674657
621 0.12329439049838313
622 0.09873469275829573
623 0.13984707358208429
624 0.13288207389456097
625 0.013450527111045628
626 0.10852211169167793
627 0.09538543638754951
628 0.11236182614009234
629 0.06380744198267156
630 0.20736955357642836
631 0.1572331982857057
632 0.18993268031991636
633 0.17914917891472718
634 0.1834464617096672
635 0.14629131519895333
636 0.17189029188027968
637 0.20427011198464587
638 0.12382467858467053
639 0.12201418951903564
640 0.10589681020383519
641 0.13366825799596974
642 0.1666409191780813
643 0.15610105380501743
644 0.10990265159592794
645 0.0500658520543739
646 0.09108185334949535
647 0.164532575500449
648 0.19876967868657952
649 0.10510794341824217
650 0.1282856745538194
651 0.04539193954643141
652 0.03360679625395914
653 0.10964098915258125
654 0.1037297467886998
655 0.1676244849039494
656 0.06311560683358416
657 0.23495978553988575
658 0.21240607112729204
659 0.11838080769460672
660 0.0811321148454627
661 0.18403405895223418
662 0.11299575988673134
663 0.1191092150860242
664 0.22205659796606106
665 0.034892105001489794
666 0.07663621189821195
667 0.14575143401829055
668 0.13424533402926161
669 0.13133250219016177
670 0.03320017979406667
671 0.10212941762324824
672 0.16201514054202606
673 0.049964453757668635
674 0.16913883528714552
675 0.20234249417098438
676 nan
677 nan
678 nan
679 nan
680 nan
681 nan
682 nan
683 nan
684 nan
685 nan
686 nan
687 nan
688 nan
689 nan
690 nan
691 nan
692 nan
693 nan
694 nan
695 nan
696 nan
697 nan
698 nan
699 nan
700 nan
701 nan
702 nan
703 nan
704 nan
705 nan
706 nan
707 nan
708 nan
709 nan
710 nan
711 nan
712 nan
713 nan
714 nan
715 nan
716 nan
717 nan
718 nan
719 nan
720 nan
721 nan
722 nan
723 nan
724 nan
725 nan
726 nan
727 nan
728 nan
729 nan
730 nan
731 nan
732 nan
733 nan
734 nan
735 nan
736 nan
737 nan
738 nan
739 nan
740 nan
741 nan
742 nan
743 nan
744 nan
745 nan
746 nan
747 nan
748 nan
749 nan
750 nan
751 nan
752 nan
753 nan
754 nan
755 nan
756 nan
757 nan
758 nan
759 nan
760 nan
761 nan
762 nan
763 nan
764 nan
765 nan
766 nan
767 nan
768 nan
769 nan
770 nan
771 nan
772 nan
773 nan
774 nan
775 nan
776 nan
777 nan
778 nan
779 nan
780 nan
781 nan
782 nan
783 nan
784 nan
785 nan
786 nan
787 nan
788 nan
789 nan
790 nan
791 nan
792 nan
793 nan
794 nan
795 nan
796 nan
797 nan
798 nan
799 nan
800 nan
801 nan
802 nan
803 nan
804 nan
805 nan
806 nan
807 nan
808 nan
809 nan
810 nan
811 nan
812 nan
813 nan
814 nan
815 nan
816 nan
817 nan
818 nan
819 nan
820 nan
821 0.01823084623908047
822 0.12129750748396276
823 0.20004973914090085
824 0.1447284406525571
825 0.06803189913309518
826 0.27544830816140314
827 0.22108496484810275
828 0.11823341986035209
829 0.13695659332532895
830 0.1754070755256819
831 0.15579167777938568
832 0.1245927187011179
833 0.11036242876474894
834 0.04684645740189367
835 0.08378411850770377
836 0.032533323812929595
837 0.05009031914124485
838 0.08005731229269432
839 0.20399288295544687
840 0.11854532853640673
841 0.19597824702385766
842 0.12767919192729416
843 0.1800119034393143
844 0.08248724081805314
845 0.0770348903638378
846 0.061671573989465746
847 0.18147896463454333
848 0.18898492514588242
849 0.1735076476661961
850 0.15389661029533896
851 0.19788319540719496
852 0.1697083594386222
853 0.07732906652746957
854 0.14830853316619297
855 0.151564952140275
856 0.20387578139992568
857 0.19421313541622945
858 0.19024950675781338
859 0.10163765039394466
860 0.06111159735206522
861 0.14258722024857276
862 0.17678859954666973
863 0.19755158057893368
864 0.22401697166734083
865 0.21294581258360407
866 0.12922369238996617
867 0.042199085489602176
868 0.12449389147127238
869 0.11174258147838466
870 0.09054843316232027
871 0.09956083109952873
872 0.110177439303187
873 0.022250614416744273
874 0.13940849818628118
875 0.1064372379915073
876 0.17146414311771688
877 0.1401149740501442
878 0.10603629058843013
879 0.2139182238115837
880 0.09901276652778923
881 0.1800823708786737
882 0.18994861474146432
883 0.22749746786288252
884 0.2509723570924833
885 0.09181444532604735
886 0.019972764487526776
887 0.25542819335615347
888 0.13382467091294753
889 0.000715261154113092
890 0.042149255880502084
891 0.1889589632035164
892 0.04435501933947854
893 0.04157419945029776
894 0.11887991900729053
895 0.1011383831429668
896 0.11620201488279816
897 0.13834201569118434
898 0.13782344239117
899 0.003969363355503309
900 0.12906926468746338
901 0.09803002956804445
902 0.042547161850845935
903 0.19179618427649678
904 0.07072888048683264
905 0.20671014877483124
906 0.10759383616588539
907 0.1388998224718854
908 0.12919942318919342
909 0.22588667196420364
910 0.06092040478727909
911 0.15472193353305405
912 0.13352331759822555
913 0.14721356422363083
914 0.056730473222354874
915 0.10682929540947525
916 0.24367536340460563
917 0.07630916998744107
918 0.14160829544315118
919 0.07997592027818659
920 0.09759876953384163
921 0.07210640707883172
922 0.06532749298284463
923 0.14392964321479126
924 0.16420332153106307
925 0.05361615012240355
926 0.020930346879953137
927 0.09263203788310811
928 0.09804283079913571
929 4.1777514591897695e-05
930 0.029200288536630006
931 0.14266782324431043
932 0.07143643278529509
933 0.12541750603879825
934 0.17971932697456894
935 0.22939575338332824
936 0.21992650897033827
937 0.09211101742210354
938 0.06932990370167559
939 0.06011361904444431
940 0.18521773487023796
941 0.11146805409568744
942 0.17818882444367232
943 0.16761882414268034
944 0.04551809983221026
945 0.09599061169126816
946 0.16746007012082653
947 0.1818940280404566
948 0.2111033547192817
949 0.07122125181456064
950 0.053877399204002495
951 0.03203417745219973
952 0.13444421944828974
953 0.14525749005667005
954 0.1485075874118203
955 0.09311727211170702
956 0.16566050683092925
957 0.09788824348541701
958 0.13065284214364412
959 0.10161795485163819
960 0.21677068122006232
961 0.12167018277410024
962 0.034576497094860166
963 0.16095108259240662
964 0.19731281079409327
965 0.06828007211612962
966 0.06834984016476213
967 0.015953407127433008
968 0.046736185227742685
969 0.12779523345401653
970 0.05129469820893595
971 0.1469762503915486
972 0.16137592364465927
973 0.004053085729237932
974 0.11973528440386147
975 0.15914141168785334
976 0.13975400727701331
977 0.13647735334550917
978 0.09577470051670027
979 0.12115945301818237
980 0.02013504203048356
981 0.14973670062230757
982 0.04852622451349861
983 0.13514925698935246
984 0.08006495941571976
985 0.1152052822592824
986 0.11917108241601071
987 0.12861175503089026
988 0.1875208468266384
989 0.15661681666502345
990 0.055133971253343246
991 0.10093773474996477
992 0.1578500378961495
993 0.09564537193838997
994 0.13143375393373136
995 0.1332479921978578
996 0.03502732508910427
997 0.029595267420637998
998 0.17059253680179673
999 0.018619026332618537
1000 0.1570727374730335
1001 0.1416823704204269
1002 0.10078346761475253
1003 0.09169057552101448
1004 0.11836499947630441
1005 0.07142621138173148
1006 0.062353247299822674
1007 0.07300701242386495
1008 0.04698999138294316
1009 0.01634442397633183
1010 0.09646814161745072
1011 0.13294473177732577
1012 0.14654753653649724
1013 0.1446829693201745
1014 0.10709916152567683
1015 0.1507095168972952
1016 0.1352028330091483
1017 0.0801030484722156
1018 0.08331001896217584
1019 0.20108579315026837
1020 0.12925437211925075
1021 0.15924382018539995
1022 0.022112797523297787
1023 0.15544745488505035
1024 0.09467742880916527
1025 0.1452844636856969
1026 0.19169707716428888
1027 0.14193899485093633
1028 0.06833156238902002
1029 0.09584863109419405
1030 0.1925559371296136
1031 0.19224777592251385
1032 0.10262096182158256
1033 0.16149706996771065
1034 0.10960895483005514
1035 0.03352609255457497
1036 0.15725822340228773
1037 0.16112967964127275
1038 0.11810135808549631
1039 0.16713282625766537
1040 0.0008767170662173065
1041 nan
1042 nan
1043 nan
1044 nan
1045 nan
1046 nan
1047 nan
1048 nan
1049 nan
1050 nan
1051 nan
1052 nan
1053 nan
1054 nan
1055 nan
1056 nan
1057 nan
1058 nan
1059 nan
1060 nan
1061 nan
1062 nan
1063 nan
1064 nan
1065 nan
1066 nan
1067 nan
1068 nan
1069 nan
1070 nan
1071 nan
1072 nan
1073 nan
1074 nan
1075 nan
1076 nan
1077 nan
1078 nan
1079 nan
1080 nan
1081 nan
1082 nan
1083 nan
1084 nan
1085 nan
1086 nan
1087 nan
1088 nan
1089 nan
1090 nan
1091 nan
1092 nan
1093 nan
1094 nan
1095 nan
1096 nan
1097 nan
1098 nan
1099 nan
1100 nan
1101 nan
1102 nan
1103 nan
1104 nan
1105 nan
1106 nan
1107 nan
1108 nan
1109 nan
1110 nan
1111 nan
1112 nan
1113 nan
1114 nan
1115 nan
1116 nan
1117 nan
1118 nan
1119 nan
1120 nan
1121 nan
1122 nan
1123 nan
1124 nan
1125 nan
1126 nan
1127 nan
1128 nan
1129 nan
1130 nan
1131 nan
1132 nan
1133 nan
1134 nan
1135 nan
1136 nan
1137 nan
1138 nan
1139 nan
1140 nan
1141 nan
1142 nan
1143 nan
1144 nan
1145 nan
1146 nan
1147 nan
1148 nan
1149 nan
1150 nan
1151 nan
1152 nan
1153 nan
1154 nan
1155 nan
1156 nan
1157 nan
1158 nan
1159 nan
1160 nan
1161 nan
1162 nan
1163 nan
1164 nan
1165 nan
1166 nan
1167 nan
1168 nan
1169 nan
1170 nan
1171 nan
1172 nan
1173 nan
1174 nan
1175 nan
1176 0.00019407037555407248
1177 0.0049209034206615584
1178 0.03796053437461284
1179 0.023327671338274084
1180 0.12436514506980749
1181 0.16687230659704316
1182 0.14146403188412648
1183 0.124524816419113
1184 0.1176539470524495
1185 0.041577990099064224
1186 0.1689442864060045
1187 0.14391617078326713
1188 0.18518825045560947
1189 0.09236733343585865
1190 0.07513376143523606
1191 0.06855047032790004
1192 0.14535362651474545
1193 0.09707895175448485
1194 0.16904741012898233
1195 0.19085524358227016
1196 0.11307039596026518
1197 0.20022081252668414
1198 0.15128753517852664
1199 0.05289842296405217
1200 0.03732286060684026
1201 0.17772177615047297
1202 0.08119452380182378
1203 0.23171492360166324
1204 0.23363798063079066
1205 0.21970119307913197
1206 0.1166469927962998
1207 0.027179381318919126
1208 0.04368256740907846
1209 0.21246910705804956
1210 0.2176929196846454
1211 0.2546269397286117
1212 0.09153073845776533
1213 0.1921815184543977
1214 0.18543201406399223
1215 0.1880161918115745
1216 0.17764984461680586
1217 0.13792076526468447
1218 0.14186132044463212
1219 0.02004672155448719
1220 0.18177691226135737
1221 0.1659420490323992
1222 0.10969484863953237
1223 0.20073114723520902
1224 0.15073166336508687
1225 0.08753706846156743
1226 0.15809751247923146
1227 0.09081050545696237
1228 0.021198493622288376
1229 0.08957720968243252
1230 0.1556590907528625
1231 0.21800315954753546
1232 0.0922416460761526
1233 0.09969749868921118
1234 0.04817359609798603
1235 0.09098224595765679
1236 0.14330658507901006
1237 0.02063060182157655
1238 1.1523288095556924e-08
1239 0.17406548350053958
1240 0.09859377722719637
1241 0.07580989122691333
1242 0.10777028266013775
1243 0.1301200765847392
1244 0.18189004915452184
1245 0.21329568563889983
1246 0.16990826002239443
1247 0.23409768720252763
1248 0.17799266291860757
1249 0.14929603087253587
1250 0.1400059288302324
1251 0.11175683739583711
1252 0.02991150468293124
1253 0.14356510541047615
1254 0.050444057651181644
1255 0.16746790843946835
1256 0.18112477287685358
1257 0.050258712744663384
1258 0.10281586756097522
1259 0.21246754740734955
1260 0.15948294727221043
1261 0.18396524458109148
1262 0.209267588066106
1263 0.10523953319634365
1264 0.19092828097952874
1265 0.08778596127672196
1266 0.19799530982986463
1267 0.08281122726250574
1268 0.13965601585502502
1269 0.05912332674570978
1270 0.22598178464850388
1271 0.21277093985967155
1272 0.15461293262559808
1273 0.13104729178498967
1274 0.18460374948732253
1275 0.10984085527567197
1276 0.19102230218529598
1277 0.1568372269051458
1278 0.17620890409472298
1279 0.1432586435009447
1280 0.04568276066384531
1281 0.14785107811204592
1282 0.10744517832367123
1283 0.16711709815432133
1284 0.012775181031147453
1285 0.1703357817604181
1286 0.12675165168146207
1287 0.08577107863193115
1288 0.10080346999082379
1289 0.07220573934475585
1290 0.16687184464123297
1291 0.032271851899317965
1292 0.1218184349704607
1293 0.20872340330912487
1294 0.12972831761222214
1295 0.17624267559830328
1296 0.11565866060937917
1297 0.03405398697172316
1298 0.11051298968488339
1299 0.17603097767456966
1300 0.09908043026812008
1301 0.13043402452854216
1302 0.1559870369821685
1303 0.14961804423082642
1304 0.1566719065233372
1305 0.14001555624033213
1306 0.1705536330531883
1307 0.05067392977864906
1308 0.12319899606249018
1309 0.05131544746643308
1310 0.14626028561692478
1311 0.1660986358539186
1312 0.11324599907783736
1313 0.04954761658691053
1314 0.17176179554965046
1315 0.12978674977861077
1316 0.08968153866043124
1317 0.01507424517005905
1318 0.06602304435220127
1319 0.17023754824839885
1320 0.11385038452487073
1321 0.07657293485427295
1322 0.14929994232337074
1323 0.13569162867783283
1324 0.011041837139316779
1325 0.19813459292129817
1326 0.15736699948690938
1327 0.06467468893668586
1328 0.1393847455843772
1329 0.09947800012069018
1330 0.13149629173351488
1331 0.12105347758158874
1332 0.11768169236943009
1333 0.10615481192406963
1334 0.1747813639491083
1335 0.16534233656145994
1336 0.08437403001329981
1337 0.18176270074564332
1338 0.07779609086706372
1339 0.25539024177679626
1340 0.01744340052156814
1341 0.1448904009450119
1342 0.13360767040653992
1343 0.13039149174158096
1344 0.016889969745433393
1345 0.10391740686109423
1346 0.11157953185093428
1347 0.06378797883184845
1348 0.13839338670637175
1349 0.03575626054522609
1350 0.07657296541042566
1351 0.09508085478070333
1352 0.16979375799162527
1353 0.106847314172065
1354 0.20234707787419656
1355 0.11588384089539853
1356 0.14621052691426492
1357 0.1861979850870392
1358 0.14808566904847145
1359 0.08965557282991789
1360 0.12450434957434403
1361 0.13771029790158262
1362 0.14814944298088534
1363 0.22692147100002671
1364 0.10371690915750571
1365 0.09184608996412733
1366 0.021115402631412525
1367 0.05723429078988161
1368 0.06335073906781759
1369 0.12564434263596713
1370 0.152702505067307
1371 0.08472300340610978
1372 0.09825103864095158
1373 0.22904674663475683
1374 0.19062069478452598
1375 0.21824635145057014
1376 0.11702699334782317
1377 0.12216732455465229
1378 0.07387702325319698
1379 0.0790714474280429
1380 0.07153179625593994
1381 0.12748311849962232
1382 0.04711326100514097
1383 0.1219655873868871
1384 0.14753833535021746
1385 0.0753748041075557
1386 0.1943044066498036
1387 0.01441411442748693
1388 0.09766837833860728
1389 0.16813866886997386
1390 0.08213609582885735
1391 0.10346231601175894
1392 0.06542338514674025
1393 0.09445470868551363
1394 0.06429645854225749
1395 0.20635572271562255
1396 0.06204516074320715
1397 0.1187653065024499
1398 0.1502437268238921
1399 0.17109878928029276
1400 0.03251744653110016
1401 0.004844065675731135
1402 0.1739347759622701
1403 0.14143700617701802
1404 0.11872345185491415
1405 0.1287868244030598
1406 nan
1407 nan
1408 nan
1409 nan
1410 nan
1411 nan
1412 nan
1413 nan
1414 nan
1415 nan
1416 nan
1417 nan
1418 nan
1419 nan
1420 nan
1421 nan
1422 nan
1423 nan
1424 nan
1425 nan
1426 nan
1427 nan
1428 nan
1429 nan
1430 nan
1431 nan
1432 nan
1433 nan
1434 nan
1435 nan
1436 nan
1437 nan
1438 nan
1439 nan
1440 nan
1441 nan
1442 nan
1443 nan
1444 nan
1445 nan
1446 nan
1447 nan
1448 nan
1449 nan
1450 nan
1451 nan
1452 nan
1453 nan
1454 nan
1455 nan
1456 nan
1457 nan
1458 nan
1459 nan
1460 nan
1461 nan
1462 nan
1463 nan
1464 nan
1465 nan
1466 nan
1467 nan
1468 nan
1469 nan
1470 nan
1471 nan
1472 nan
1473 nan
1474 nan
1475 nan
1476 nan
1477 nan
1478 nan
1479 nan
1480 nan
1481 nan
1482 nan
1483 nan
1484 nan
1485 nan
1486 nan
1487 nan
1488 nan
1489 nan
1490 nan
1491 nan
1492 nan
1493 nan
1494 nan
1495 nan
1496 nan
1497 nan
1498 nan
1499 nan
1500 nan
1501 nan
1502 nan
1503 nan
1504 nan
1505 nan
1506 nan
1507 nan
1508 nan
1509 nan
1510 nan
1511 nan
1512 nan
1513 nan
1514 nan
1515 nan
1516 nan
1517 nan
1518 nan
1519 nan
1520 nan
1521 nan
1522 nan
1523 nan
1524 nan
1525 nan
1526 nan
1527 nan
1528 nan
1529 nan
1530 nan
1531 nan
1532 nan
1533 nan
1534 nan
1535 nan
1536 nan
1537 nan
1538 nan
1539 nan
1540 nan
1541 nan
1542 nan
1543 nan
1544 nan
1545 nan
1546 nan
1547 nan
1548 nan
1549 nan
1550 nan
1551 nan
1552 nan
1553 nan
1554 nan
1555 nan
1556 nan
1557 nan
1558 0.0008727317021370046
1559 0.013593934849663876
1560 0.032385413426364154
1561 0.03788468114093809
1562 0.06314262375793901
1563 0.22268446015851903
1564 0.13922999246342518
1565 0.19392315880208835
1566 0.1912221598418736
1567 0.147089922978934
1568 0.200339427493974
1569 0.22170897074103388
1570 0.18481372957354797
1571 0.14748808786610246
1572 0.15309362540711946
1573 0.1453725421817343
1574 0.031636948035919175
1575 0.16176601742426142
1576 0.20755793376679849
1577 0.10535438583147187
1578 0.18605186480147715
1579 0.11561421334583852
1580 0.23937494199307413
1581 0.18798630981054937
1582 0.25986397496760316
1583 0.2766367654615723
1584 0.09404753759983471
1585 0.08156320225205327
1586 0.19040651340316014
1587 0.16833988300998917
1588 0.1394805790730653
1589 0.2002837481223845
1590 0.1620497609990988
1591 0.0474369995888491
1592 0.16227906205955417
1593 0.07940542963030502
1594 0.15113652330723226
1595 0.16920300289254558
1596 0.11059844567049365
1597 0.23789562254353075
1598 0.24872622950447643
1599 0.24571920190937288
1600 0.19749488087821776
1601 0.171331578948753
1602 0.21349099568319527
1603 0.12358512051789262
1604 0.2407507532556497
1605 0.050104537344852484
1606 0.13302854032376324
1607 0.09987412353069379
1608 0.09760211373052709
1609 0.22526945172033197
1610 0.15178570129816848
1611 0.17685327097307502
1612 0.08074841834813046
1613 0.10260081984382782
1614 0.1347309308913559
1615 0.015119519634976418
1616 0.21384634899352417
1617 0.238189450183191
1618 0.07707255374561098
1619 0.23006208797245314
1620 0.21248685581663385
1621 0.07713190388359757
1622 0.08103720579274641
1623 0.19712409018989907
1624 0.17385601206202467
1625 0.23476323269731042
1626 0.15698106090890432
1627 0.2160219529423718
1628 0.05197348870427772
1629 0.005881755235175062
1630 0.19821264168577785
1631 0.18621918700304524
1632 0.2092207429867979
1633 0.034363459922298674
1634 0.055981068709920284
1635 0.16254866869313228
1636 0.25536859131127115
1637 0.19264476049257087
1638 0.14948476910452313
1639 0.20075412107273888
1640 0.10539206824879656
1641 0.15413422685719536
1642 0.1107939222236356
1643 0.04209227405957639
1644 0.1118798229723981
1645 0.20585606771960005
1646 0.21837347795237025
1647 0.1987295944966923
1648 0.09893023138586214
1649 0.1662796955190771
1650 0.08733293783746929
1651 0.16453020034767116
1652 0.23182660771722668
1653 0.060137591345040736
1654 0.19757690102371406
1655 0.21679440837239633
1656 0.1684826838261336
1657 0.19286225600102305
1658 0.20577854360785908
1659 0.060502607717701794
1660 0.08828665039652467
1661 0.1824516631192056
1662 0.1673485999879618
1663 0.2099288746360561
1664 0.20695119449309973
1665 0.0637277996449239
1666 0.24702693015923471
1667 0.0614033072041849
1668 0.13534719544218535
1669 0.10208970288539664
1670 0.1602999412772545
1671 0.21198970631356212
1672 0.23918530231522095
1673 0.20274620046595804
1674 0.04239630350490731
1675 0.21481740202972602
1676 0.2463380171485367
1677 0.14040060638689544
1678 0.12603203720755807
1679 0.01679593906519908
1680 0.1856343512143342
1681 0.18764981888143198
1682 0.18260317039447582
1683 0.11500072961929862
1684 0.14198331940874231
1685 0.19592500132777937
1686 0.18712932962145976
1687 0.2175067239144249
1688 0.08328623271582047
1689 0.2556243165682524
1690 0.2560586818544375
1691 0.01610268954852238
1692 0.08417258745986377
1693 0.13204883725042216
1694 0.16384433903338338
1695 0.16500834651168625
1696 0.21465954300759113
1697 0.19106383461446283
1698 0.18602375457123213
1699 0.06850465218801587
1700 0.19311521220444997
1701 0.0004762675213990487
1702 0.02457723429675681
1703 0.1468614265803253
1704 0.03759470934241536
1705 0.19085864879468228
1706 0.2625603920063844
1707 4.633827089702813e-05
1708 0.00022426133194877986
1709 0.14010398333824467
1710 0.1704182755970142
1711 0.12265919710497182
1712 0.19321195643006217
1713 0.08978238371983202
1714 0.23512984686250685
1715 0.2608697887483544
1716 0.1518496438135617
1717 0.20633412266935083
1718 0.24202314398263547
1719 0.09233457507638161
1720 0.23757010997824787
1721 0.10592220421417518
1722 0.17943007960764343
1723 0.08589105927767614
1724 0.2266364992529674
1725 0.10483237048087236
1726 0.0039481738766685035
1727 0.2331123414759987
1728 0.027793354375960647
1729 0.14925905935963696
1730 0.2007312628563112
1731 0.22002576256340597
1732 0.1425883449087333
1733 0.17215678264336975
1734 0.14434072757069816
1735 0.18356870299301883
1736 0.2864185643029516
1737 0.16761908992788205
1738 0.2862720719615717
1739 0.21115173904835888
1740 0.04012265077648898
1741 0.2286346415136904
1742 0.18021192186489776
1743 0.128805670504651
1744 0.11533747538631031
1745 0.0461781544862177
1746 0.13888343071288425
1747 0.2011574598401414
1748 0.152160581647766
1749 0.0823320860337708
1750 0.1601366716805683
1751 0.15244922049184584
1752 0.004485558717071187
1753 0.02634263507885718
1754 0.15263376658872588
1755 0.2008272156579101
1756 0.19172262440197063
1757 0.15915383156219523
1758 0.20548420811168905
1759 0.06892959205575747
1760 0.1970628906578386
1761 0.20347857131960576
1762 0.2789517943115379
1763 0.17455201875973325
1764 0.1458533645137116
1765 0.20348589362938785
1766 0.16827850622503074
1767 0.17068706325538846
1768 0.10042429774333164
1769 0.24870875550593988
1770 0.1566248987433559
1771 nan
1772 nan
1773 nan
1774 nan
1775 nan
1776 nan
1777 nan
1778 nan
1779 nan
1780 nan
1781 nan
1782 nan
1783 nan
1784 nan
1785 nan
1786 nan
1787 nan
1788 nan
1789 nan
1790 nan
1791 nan
1792 nan
1793 nan
1794 nan
1795 nan
1796 nan
1797 nan
1798 nan
1799 nan
1800 nan
1801 nan
1802 nan
1803 nan
1804 nan
1805 nan
1806 nan
1807 nan
1808 nan
1809 nan
1810 nan
1811 nan
1812 nan
1813 nan
1814 nan
1815 nan
1816 nan
1817 nan
1818 nan
1819 nan
1820 nan
1821 nan
1822 nan
1823 nan
1824 nan
1825 nan
1826 nan
1827 nan
1828 nan
1829 nan
1830 nan
1831 nan
1832 nan
1833 nan
1834 nan
1835 nan
1836 nan
1837 nan
1838 nan
1839 nan
1840 nan
1841 nan
1842 nan
1843 nan
1844 nan
1845 nan
1846 nan
1847 nan
1848 nan
1849 nan
1850 nan
1851 nan
1852 nan
1853 nan
1854 nan
1855 nan
1856 nan
1857 nan
1858 nan
1859 nan
1860 nan
1861 nan
1862 nan
1863 nan
1864 nan
1865 nan
1866 nan
1867 nan
1868 nan
1869 nan
1870 nan
1871 nan
1872 nan
1873 nan
1874 nan
1875 nan
1876 nan
1877 nan
1878 nan
1879 nan
1880 nan
1881 nan
1882 nan
1883 nan
1884 nan
1885 nan
1886 nan
1887 nan
1888 nan
1889 nan
1890 nan
1891 nan
1892 nan
1893 nan
1894 nan
1895 nan
1896 nan
1897 nan
1898 nan
1899 nan
1900 nan
1901 nan
1902 nan
1903 nan
1904 nan
1905 nan
1906 nan
1907 nan
1908 nan
1909 nan
1910 nan
1911 nan
1912 nan
1913 nan
1914 0.003800771320617219
1915 0.09373110685330402
1916 0.18165835342713504
1917 0.26371704935501383
1918 0.15677045858585903
1919 0.18311646912340482
1920 0.19443360781353367
1921 0.24978362914105254
1922 0.07315885415088705
1923 0.19728962812015052
1924 0.11997144857239056
1925 0.12328706992776477
1926 0.298779993533668
1927 0.11277985506689332
1928 0.06779155295614461
1929 0.2210481511131554
1930 0.19315928759784495
1931 0.11517217161929373
1932 0.15917556552691448
1933 0.19995436149020915
1934 0.2239076241063393
1935 0.054377308200113994
1936 0.19281654271921073
1937 0.1110722179759235
1938 0.16723893492096176
1939 0.08304210850962569
1940 0.04756562907663175
1941 0.14662848756319835
1942 0.15543996837670027
1943 0.07065493141335419
1944 0.1726056457142779
1945 0.034128043705089574
1946 0.1267255666248409
1947 0.1878820040096455
1948 0.19973772387032596
1949 0.004130220303774475
1950 0.14828850587701872
1951 0.10951287134993529
1952 0.2239536484567351
1953 0.13563667120407027
1954 0.20927927542743877
1955 0.08625580481076904
1956 0.12024265131599668
1957 0.14893644784257504
1958 0.1279115804598115
1959 0.05036522483813742
1960 0.08179124719820599
1961 0.15570737061797418
1962 0.0392343182344164
1963 0.05252102648568591
1964 0.21894148243066974
1965 0.18285182606532813
1966 0.10628747436801148
1967 0.1871590016318956
1968 0.014403468528920866
1969 0.1408434045843531
1970 0.18783706224118482
1971 0.2385394759634712
1972 0.09564385882738907
1973 0.24526104253986994
1974 0.043322873441298794
1975 0.23858499514803094
1976 0.07735422970154394
1977 0.13736033460184988
1978 0.17199880680683677
1979 0.18510695891204798
1980 0.2090214989350041
1981 0.1856723239960775
1982 0.24083570884687142
1983 0.25604413131507553
1984 0.110698400104205
1985 0.08034777036523243
1986 0.21585586793978268
1987 0.1585670076336934
1988 0.1144807181365924
1989 0.21094921369996172
1990 0.2517957300100677
1991 0.030274910431840964
1992 0.2042375922925799
1993 0.19203146847274943
1994 0.11598137657784481
1995 0.1560090736934277
1996 0.1315965505314742
1997 0.05976440821346038
1998 0.1421540451417806
1999 0.16615860579671388
2000 0.13623796971120608
2001 0.22009778344418468
2002 0.11387848041263766
2003 0.04381534306798729
2004 0.008158679038496324
2005 0.13437822826355617
2006 0.21215926401234114
2007 0.09541810593399543
2008 0.243727781854024
2009 0.11369476191228321
2010 0.24605978157828026
2011 0.11376287412367243
2012 0.19285073429611152
2013 0.12489481620786097
2014 0.08445894912191278
2015 0.1479853196105194
2016 0.16779812068705965
2017 0.18320667407349547
2018 0.17090551469613033
2019 0.09391081145573718
2020 0.22097252506472798
2021 0.2220191480025867
2022 0.22351100326726933
2023 0.27423274996950975
2024 0.17860274678719526
2025 0.08445615296889457
2026 0.13927318831072436
2027 0.12579155811865964
2028 0.2746511466418587
2029 0.12421195978540901
2030 0.12325875798745953
2031 0.24375343553689682
2032 0.1034884492129894
2033 0.10993631957684971
2034 0.1329598217450361
2035 0.14074363908914514
2036 0.18231143474854672
2037 0.09140666838569027
2038 0.1313916742655243
2039 0.1442790390669686
2040 0.12464035728332626
2041 0.18824437911533246
2042 0.0784617011528625
2043 0.09585926031316605
2044 0.07347631114035141
2045 0.005601519067239838
2046 0.10740621835426235
2047 0.10295087507477889
2048 0.2818156582813025
2049 0.02395235794237825
2050 0.2215814203760724
2051 0.15141090788352254
2052 0.08328959635691785
2053 0.17992557775553492
2054 0.16623886741868474
2055 0.06439663117867635
2056 0.138145871000591
2057 0.053042239960054194
2058 0.053316220912005524
2059 0.19012152765387738
2060 0.11948345284330221
2061 0.2239348777891803
2062 0.13753561941548745
2063 0.18576401592895045
2064 0.11487195041751942
2065 0.09921091045328796
2066 0.18645597159418234
2067 0.09890991708685748
2068 0.14160436487986575
2069 0.1720184399298281
2070 0.24406851470926277
2071 0.11504138713961398
2072 0.1547413575742555
2073 0.20193325551800667
2074 0.24031488550511204
2075 0.17298874403428538
2076 0.005936134733950423
2077 0.12542419824509468
2078 0.17313869981343713
2079 0.1557319831975181
2080 0.23006703569928927
2081 0.018384028737251003
2082 0.12526534406206866
2083 0.0015966582816580974
2084 0.21595576140966388
2085 0.10698906513296257
2086 0.15931588423874393
2087 0.23861371570283654
2088 0.12508010644360495
2089 0.14421400194997613
2090 0.09338874222646394
2091 0.028895143982824816
2092 0.23005836821481057
2093 0.019065227604044308
2094 0.17604910477120994
2095 0.10772549552393722
2096 0.16680025809231666
2097 0.2585403538675896
2098 0.20641678960556908
2099 0.09170326471550903
2100 0.22879627709320097
2101 0.046459324335776396
2102 0.13574887125788776
2103 0.11392580896902722
2104 0.08431377670678256
2105 0.24254216301860826
2106 0.09470111209153881
2107 0.2188266772272966
2108 0.07841629186037609
2109 0.16215068030337113
2110 0.21015461754274295
2111 0.2305673083365478
2112 0.19153437505167537
2113 0.19088982433510746
2114 0.11732627013670206
2115 0.20606875096367835
2116 0.15467869308869195
2117 0.05340920167820757
2118 0.23946486725194985
2119 0.2534047541669268
2120 0.17968126644782118
2121 0.10964186591246194
2122 0.20925024566493922
2123 0.1413534854820579
2124 0.22942654924942385
2125 0.12751408242585174
2126 0.13737499778029927
2127 0.1311971403492644
2128 0.23604230621743622
2129 0.26342937889307616
2130 0.2571614551383912
2131 0.20330948637012378
2132 0.11780561820108754
2133 0.21052316306193747
2134 0.2586076140521171
2135 0.20491285627650263
2136 nan
2137 nan
2138 nan
2139 nan
2140 nan
2141 nan
2142 nan
2143 nan
2144 nan
2145 nan
2146 nan
2147 nan
2148 nan
2149 nan
2150 nan
2151 nan
2152 nan
2153 nan
2154 nan
2155 nan
2156 nan
2157 nan
2158 nan
2159 nan
2160 nan
2161 nan
2162 nan
2163 nan
2164 nan
2165 nan
2166 nan
2167 nan
2168 nan
2169 nan
2170 nan
2171 nan
2172 nan
2173 nan
2174 nan
2175 nan
2176 nan
2177 nan
2178 nan
2179 nan
2180 nan
2181 nan
2182 nan
2183 nan
2184 nan
2185 nan
2186 nan
2187 nan
2188 nan
2189 nan
2190 nan
2191 nan
2192 nan
2193 nan
2194 nan
2195 nan
2196 nan
2197 nan
2198 nan
2199 nan
2200 nan
2201 nan
2202 nan
2203 nan
2204 nan
2205 nan
2206 nan
2207 nan
2208 nan
2209 nan
2210 nan
2211 nan
2212 nan
2213 nan
2214 nan
2215 nan
2216 nan
2217 nan
2218 nan
2219 nan
2220 nan
2221 nan
2222 nan
2223 nan
2224 nan
2225 nan
2226 nan
2227 nan
2228 nan
2229 nan
2230 nan
2231 nan
2232 nan
2233 nan
2234 nan
2235 nan
2236 nan
2237 nan
2238 nan
2239 nan
2240 nan
2241 nan
2242 nan
2243 nan
2244 nan
2245 nan
2246 nan
2247 nan
2248 nan
2249 nan
2250 nan
2251 nan
2252 nan
2253 nan
2254 nan
2255 nan
2256 nan
2257 nan
2258 nan
2259 nan
2260 nan
2261 nan
2262 nan
2263 nan
2264 nan
2265 nan
2266 nan
2267 nan
2268 nan
2269 nan
2270 nan
2271 nan
2272 nan
2273 0.0012721547227455277
2274 0.055315311693337206
2275 0.16724667093466017
2276 0.2039213543904889
2277 0.221264395284758
2278 0.15479657578312397
2279 0.2219894410407693
2280 0.0011298086058777817
2281 0.19360858212454876
2282 0.14398641889723546
2283 0.11810960078738682
2284 0.19110231381627638
2285 0.21904073627608373
2286 0.15983645495042909
2287 0.20146680136668205
2288 0.21222357101295453
2289 0.21141124637098194
2290 0.21262897076730938
2291 0.14983628408701866
2292 0.10676989211123876
2293 0.17768311156671637
2294 0.15735928244212827
2295 0.1000940970559628
2296 0.17569334963237365
2297 0.08704766093201935
2298 0.2486072912085549
2299 0.13575247368758275
2300 0.009866493162922544
2301 0.09723631153963466
2302 0.19105064502561414
2303 0.13588133793544077
2304 0.14628467125075412
2305 0.16762566206561888
2306 0.2569569801603688
2307 0.0026502852163298478
2308 0.07089500908987884
2309 0.07673237034899678
2310 0.2358983270680346
2311 0.20455961557319877
2312 0.09233715617531783
2313 0.14500273630787416
2314 0.1590609633867836
2315 0.18066750818371316
2316 0.1324067988994651
2317 0.1678821718528895
2318 0.04282705090610948
2319 0.04233566669724406
2320 0.17061804136883493
2321 0.20091698215622542
2322 0.18553341840795617
2323 0.15132235583664513
2324 0.023804426755260052
2325 0.14218505833143263
2326 0.17932824272642256
2327 0.08138752254006397
2328 0.12747210989567564
2329 0.12680491046336517
2330 0.2433018193659578
2331 0.2126638202990552
2332 0.1798872238642968
2333 0.09724985312515101
2334 0.0408995337344563
2335 0.12052133215864959
2336 0.16156108889521845
2337 0.06485669855899749
2338 0.1328199992473653
2339 0.14506376498167498
2340 0.2184215088147559
2341 0.17730926179440856
2342 0.0590511467643279
2343 0.11330762199736226
2344 0.17029793216506064
2345 0.17291113079159723
2346 0.0003973746235066121
2347 0.23361318317001012
2348 0.133281324667368
2349 0.07652099473885506
2350 0.16035468973501996
2351 0.06542670030050676
2352 0.1059107031380207
2353 0.18626199988732764
2354 0.1773543173865693
2355 0.02160248625102809
2356 0.12946514661323574
2357 0.10903463397372837
2358 0.1875646524119678
2359 0.034096780325646954
2360 0.04205307935449016
2361 0.19013074299192156
2362 0.21481369024365146
2363 0.10775530220107629
2364 0.18477833981561062
2365 0.15970929474935225
2366 0.08167096684717802
2367 0.1098491191884776
2368 0.15499191363020332
2369 0.15887839055798883
2370 0.15662267439662256
2371 0.16074998278129238
2372 0.11792831323798737
2373 0.09707140857694226
2374 0.21068559023959285
2375 0.22607432660221102
2376 0.12950689368667587
2377 0.05380910041772175
2378 0.22792070266289727
2379 0.20575065016674465
2380 0.1859284439026045
2381 0.07084365056613047
2382 0.11646577578148086
2383 0.21001017672407013
2384 0.23822733026189166
2385 0.23399670969093167
2386 0.19823791569850174
2387 0.14895607516190745
2388 0.25657971320323575
2389 0.13824549634760147
2390 0.2056731084315362
2391 0.07760023766311602
2392 0.05621044471890094
2393 0.1335468170090314
2394 0.05804492709998104
2395 0.0986641595745738
2396 0.18313612049939446
2397 0.21095048702767133
2398 0.12658973554826708
2399 0.11338141591670615
2400 0.19137380707499607
2401 0.15255440576889298
2402 0.19699452987376606
2403 0.17218485902839206
2404 0.03647530512203536
2405 0.10849358892094155
2406 0.06556856141496796
2407 0.1466388569552132
2408 0.12117913437290254
2409 0.15931269245734217
2410 0.17771370973696532
2411 0.12780832339763093
2412 0.19908795165728585
2413 0.177822824656158
2414 0.12754230062757807
2415 0.013881495247467669
2416 0.07604160273228931
2417 0.22766338259866864
2418 0.14532797576101328
2419 0.14187913346437697
2420 0.15547971814063485
2421 0.1514715598699832
2422 0.06366597355341409
2423 0.11342463790496427
2424 0.11458271121074932
2425 0.1575873607081555
2426 0.0006933619364829985
2427 0.022064305413507478
2428 0.10923837301074737
2429 0.05872246662509412
2430 0.16257479323728513
2431 0.13428970805294482
2432 0.16067329876894698
2433 0.15061606501946972
2434 0.13627538748459203
2435 0.1074468423170248
2436 0.199950047005796
2437 0.12422910134295528
2438 0.16020174371215498
2439 0.0956925364803648
2440 0.2449356426827589
2441 0.12807392448749277
2442 0.15730397160093124
2443 0.11654335915914038
2444 0.16408350914615494
2445 0.10360093310779417
2446 0.12857546289560307
2447 0.14521679973365692
2448 0.27268647380478633
2449 0.05954027293341681
2450 0.15106987935603877
2451 0.22295969553934922
2452 0.18757166412532575
2453 0.09995529203567986
2454 0.10494759119142133
2455 0.11902938218681924
2456 0.14845371800104096
2457 0.07253873085875487
2458 0.15956222964460373
2459 0.07911545353269603
2460 0.1182325063242978
2461 0.208781070865142
2462 0.06902801264692686
2463 0.13689527164213514
2464 0.14508498978256004
2465 0.13011478919548486
2466 0.10494820675197856
2467 0.16308874138773402
2468 0.16317679039109817
2469 0.18222429260504913
2470 0.09646655562763679
2471 0.09859347181823085
2472 0.20518843131225079
2473 0.20911796148848846
2474 0.04049261802510694
2475 0.08980442659547114
2476 0.11543985415572003
2477 0.10020525732021318
2478 0.12498109106865925
2479 0.13956704424896893
2480 0.18832549181510821
2481 0.14502684661157395
2482 0.11404594355387641
2483 0.11658057045372709
2484 0.04245436549072437
2485 0.07386223052638027
2486 0.000950060787876556
2487 5.885695073167291e-05
2488 0.1256396616115734
2489 0.1471199963277216
2490 0.12020558313878793
2491 0.12818932093600446
2492 0.17964434242373833
2493 0.15560043458728323
2494 0.20681555376713023
2495 0.027989236626463004
2496 0.1995142814642819
2497 0.2692140833390025
2498 0.23765258279535043
2499 0.19146087665514808
2500 0.13615885916395307
2501 nan
2502 nan
2503 nan
2504 nan
2505 nan
2506 nan
2507 nan
2508 nan
2509 nan
2510 nan
2511 nan
2512 nan
2513 nan
2514 nan
2515 nan
2516 nan
2517 nan
2518 nan
2519 nan
2520 nan
2521 nan
2522 nan
2523 nan
2524 nan
2525 nan
2526 nan
2527 nan
2528 nan
2529 nan
2530 nan
2531 nan
2532 nan
2533 nan
2534 nan
2535 nan
2536 nan
2537 nan
2538 nan
2539 nan
2540 nan
2541 nan
2542 nan
2543 nan
2544 nan
2545 nan
2546 nan
2547 nan
2548 nan
2549 nan
2550 nan
2551 nan
2552 nan
2553 nan
2554 nan
2555 nan
2556 nan
2557 nan
2558 nan
2559 nan
2560 nan
2561 nan
2562 nan
2563 nan
2564 nan
2565 nan
2566 nan
2567 nan
2568 nan
2569 nan
2570 nan
2571 nan
2572 nan
2573 nan
2574 nan
2575 nan
2576 nan
2577 nan
2578 nan
2579 nan
2580 nan
2581 nan
2582 nan
2583 nan
2584 nan
2585 nan
2586 nan
2587 nan
2588 nan
2589 nan
2590 nan
2591 nan
2592 nan
2593 nan
2594 nan
2595 nan
2596 nan
2597 nan
2598 nan
2599 nan
2600 nan
2601 nan
2602 nan
2603 nan
2604 nan
2605 nan
2606 nan
2607 nan
2608 nan
2609 nan
2610 nan
2611 nan
2612 nan
2613 nan
2614 nan
2615 nan
2616 nan
2617 nan
2618 nan
2619 nan
2620 nan
2621 nan
2622 nan
2623 nan
2624 nan
2625 nan
2626 nan
2627 nan
2628 nan
2629 nan
2630 nan
2631 nan
2632 nan
2633 nan
2634 nan
2635 nan
2636 nan
2637 nan
2638 nan
2639 nan
2640 nan
2641 nan
2642 nan
2643 nan
2644 nan
2645 nan
2646 nan
2647 0.00016594178333310855
2648 0.025935813693772413
2649 0.0673136298444704
2650 0.23717560874369634
2651 0.08300151334027477
2652 0.23431044627214015
2653 0.08257461492079761
2654 0.288933147183326
2655 0.2620500781013389
2656 0.18856090131925224
2657 0.20548364976053438
2658 0.19994336521171072
2659 0.13709963067717104
2660 0.08768905101718101
2661 0.12380584424660543
2662 0.05366230551174205
2663 0.10474300118810954
2664 0.13247528551371593
2665 0.15099526790764517
2666 0.2050454757867975
2667 0.22940447234938827
2668 0.2669901231772773
2669 0.20573187711983681
2670 0.168394468327228
2671 0.17660789967283586
2672 0.038961086630855894
2673 0.15143628265446862
2674 0.21559525120013434
2675 0.20741433373814253
2676 0.11443776582964446
2677 0.18169688104698578
2678 0.21674686912343047
2679 0.0625002601390326
2680 0.1586025963409628
2681 0.004460291736081209
2682 0.2803518737777517
2683 0.18503013270614588
2684 0.18007234309958792
2685 0.2215382653880637
2686 0.2529730641698815
2687 0.13352829105452413
2688 0.15692333063194286
2689 0.16958838026436143
2690 0.15388340859887242
2691 0.19820351709116454
2692 0.13807689277379012
2693 0.19296331871153277
2694 0.15773040965587046
2695 0.11963856426462935
2696 0.2192364718811437
2697 0.009713156280825579
2698 0.13244822822646607
2699 0.06364966877004653
2700 0.29196641339149826
2701 0.13679496286273163
2702 0.2229822056545727
2703 0.09043447471237887
2704 0.12238591565784859
2705 0.20024547672233417
2706 0.005878239938638011
2707 0.15950163061505038
2708 0.1614265201387578
2709 0.2312898994076883
2710 0.2214018332458787
2711 0.18833312710420175
2712 0.11876732655369047
2713 0.18903688332457289
2714 0.2290443807836749
2715 0.24514518821722117
2716 0.1479009656300789
2717 0.12324827219336981
2718 0.02588268741638609
2719 0.03348651063839544
2720 0.21635033612192106
2721 0.1347999793402582
2722 0.2061460996639304
2723 0.1622769859097067
2724 0.15105048919144853
2725 0.20517927531859684
2726 0.20876190573795045
2727 0.15134612072126571
2728 0.15618330310140294
2729 0.06985825891665808
2730 0.08653005138078687
2731 0.1708830536373917
2732 0.2365526334734605
2733 0.17810293796287655
2734 0.15805087994275815
2735 0.1370860694758315
2736 0.2022981743986263
2737 0.19165629252617006
2738 0.2290133086031116
2739 0.208402684610196
2740 0.1600239371076429
2741 0.12430699910183403
2742 0.13012570288994987
2743 0.19572486051219373
2744 0.21097226628783802
2745 0.14231905017935464
2746 0.22163143711939762
2747 0.24840552548409836
2748 0.14993336116356135
2749 0.040074286107243604
2750 0.12179580414096466
2751 0.15212907714942478
2752 0.19026902266739312
2753 0.22956533330651718
2754 0.1870458086292741
2755 0.07103159291232472
2756 0.1987667562494125
2757 0.21376846208908679
2758 0.10848990271595291
2759 0.21706988026097837
2760 0.14686935345643978
2761 0.16570878620638038
2762 0.2682029543462913
2763 0.03487114649541696
2764 0.15412032600276518
2765 0.05806170036359452
2766 0.14390992062595437
2767 0.10666573849102656
2768 0.05318065114426845
2769 0.2181005767907839
2770 0.16132245995688854
2771 0.2131160342768355
2772 0.2597952786032856
2773 0.19171986803882388
2774 0.012480272338430734
2775 0.19566670243698078
2776 0.10659165482008984
2777 0.15670333850528265
2778 0.13066334893945059
2779 0.12127176110542812
2780 0.13490759679773376
2781 0.057435545635176874
2782 0.17681825180274655
2783 0.2380879653769985
2784 0.015769149403596198
2785 0.12420749209490403
2786 0.06336343742674078
2787 0.13822442187335915
2788 0.06795067021597209
2789 0.1230157565198077
2790 0.1407460640542578
2791 0.1914632024934207
2792 0.02798774010508645
2793 0.15779537303574853
2794 0.16308774958200478
2795 0.26077979835233656
2796 0.04095876313337144
2797 0.03389445754706031
2798 0.2120087747729604
2799 0.07650494044150735
2800 0.17648044568963525
2801 0.18326772911607614
2802 0.14426416347922816
2803 0.1640394323617858
2804 0.06729399151536718
2805 0.06685831851524808
2806 0.16991434621815665
2807 0.004000894400349766
2808 0.08457954721656523
2809 0.08916325726708978
2810 0.24028697842747632
2811 0.02959070457370237
2812 0.2156704937705346
2813 0.06779038286868554
2814 0.17074009336219098
2815 0.24699124066362005
2816 0.21669857597648887
2817 0.1475205639765197
2818 0.008843853572988225
2819 0.0517157284478784
2820 0.06659848402514625
2821 0.17906281304386665
2822 0.187879947762862
2823 0.07269076894941978
2824 0.2357541220758846
2825 0.22383627090611968
2826 0.0030997000096352587
2827 0.22567867326636323
2828 0.2103081827061542
2829 0.145047346957481
2830 0.21278251310429694
2831 0.12672622025654134
2832 0.16264034254448748
2833 0.0992575096294688
2834 0.20998089513736318
2835 0.16796244018172324
2836 0.2371724685732798
2837 0.06176592593882949
2838 0.13140861693156736
2839 0.03863077147383384
2840 0.14305193090831259
2841 0.14351904345907934
2842 0.06281467379812439
2843 0.15893490536185836
2844 0.07584180905578869
2845 0.16053006213991164
2846 0.12899837669536351
2847 0.1250666144178619
2848 0.07057386099528586
2849 0.07956346383185088
2850 0.14601055099069768
2851 0.03429393951310788
2852 0.07074129024481342
2853 0.057933995772291476
2854 0.17460605572781593
2855 0.04004289612207182
2856 0.22488408420314332
2857 0.18908016242019013
2858 0.15890657189282267
2859 0.07680541730104513
2860 0.046244593389858646
2861 0.0002226764736495736
2862 0.011086445446765817
2863 0.11420084012238985
2864 0.07668426361546425
2865 0.11558376386347059
2866 nan
2867 nan
2868 nan
2869 nan
2870 nan
2871 nan
2872 nan
2873 nan
2874 nan
2875 nan
2876 nan
2877 nan
2878 nan
2879 nan
2880 nan
2881 nan
2882 nan
2883 nan
2884 nan
2885 nan
2886 nan
2887 nan
2888 nan
2889 nan
2890 nan
2891 nan
2892 nan
2893 nan
2894 nan
2895 nan
2896 nan
2897 nan
2898 nan
2899 nan
2900 nan
2901 nan
2902 nan
2903 nan
2904 nan
2905 nan
2906 nan
2907 nan
2908 nan
2909 nan
2910 nan
2911 nan
2912 nan
2913 nan
2914 nan
2915 nan
2916 nan
2917 nan
2918 nan
2919 nan
2920 nan
2921 nan
2922 nan
2923 nan
2924 nan
2925 nan
2926 nan
2927 nan
2928 nan
2929 nan
2930 nan
2931 nan
2932 nan
2933 nan
2934 nan
2935 nan
2936 nan
2937 nan
2938 nan
2939 nan
2940 nan
2941 nan
2942 nan
2943 nan
2944 nan
2945 nan
2946 nan
2947 nan
2948 nan
2949 nan
2950 nan
2951 nan
2952 nan
2953 nan
2954 nan
2955 nan
2956 nan
2957 nan
2958 nan
2959 nan
2960 nan
2961 nan
2962 nan
2963 nan
2964 nan
2965 nan
2966 nan
2967 nan
2968 nan
2969 nan
2970 nan
2971 nan
2972 nan
2973 nan
2974 nan
2975 nan
2976 nan
2977 nan
2978 nan
2979 nan
2980 nan
2981 nan
2982 nan
2983 nan
2984 nan
2985 nan
2986 nan
2987 nan
2988 nan
2989 nan
2990 nan
2991 nan
2992 nan
2993 nan
2994 nan
2995 nan
2996 nan
2997 nan
2998 nan
2999 nan
3000 nan
3001 nan
3002 nan
3003 nan
3004 nan
3005 nan
3006 nan
3007 nan
3008 nan
3009 9.522978127662047e-05
3010 0.0173552357904694
3011 0.1811620674572067
3012 0.05481120194477206
3013 0.0786651541262941
3014 0.23510095561258665
3015 0.24229440937019311
3016 0.27184347032957484
3017 0.21560893749738624
3018 0.2088508023493361
3019 0.09405717753827984
3020 0.25942747972606234
3021 0.18391596562186405
3022 0.1606403273395597
3023 0.18640918188682254
3024 0.11606359729213774
3025 0.03760590861162379
3026 0.09081865045487658
3027 0.1642690027105881
3028 0.23373841549302715
3029 0.19904275581711423
3030 0.10964642449748284
3031 0.14300204788351858
3032 0.11158360354463127
3033 0.25196037525282755
3034 0.14358652042926132
3035 0.16988980251045444
3036 0.21548788517947445
3037 0.2339682018268202
3038 0.21538668861709542
3039 0.18936671995929658
3040 0.14670025730908012
3041 0.14068270195135865
3042 0.24134764815427925
3043 0.1879652948596141
3044 0.22806027779440974
3045 0.052330273286648854
3046 0.1739799986993633
3047 0.08069892972456122
3048 0.17628439910516647
3049 0.20225948502139665
3050 0.19499142873547545
3051 0.17826823498479522
3052 0.09120918628230537
3053 0.12818554854680203
3054 0.2404634352267062
3055 0.11953584720329555
3056 0.12009918473756177
3057 0.2381256197647767
3058 0.2213637600663041
3059 0.13900635619070595
3060 0.22465454713745947
3061 0.10153424364063804
3062 0.14161389802150137
3063 0.23197101011736498
3064 0.06456973857756804
3065 0.21883532925023022
3066 0.19866603375576497
3067 0.1657481544754593
3068 0.006655941846753434
3069 0.2520055149797582
3070 0.10613516053318287
3071 0.17734892207624853
3072 0.08132361356835588
3073 0.01489076296468961
3074 0.1483760704654103
3075 0.19008818995365048
3076 0.09232961010765611
3077 0.1954224899144755
3078 0.12761280505287315
3079 0.15844535889744735
3080 0.18102310101942526
3081 0.08242000577650627
3082 0.25670117575081275
3083 0.18975135219050895
3084 0.25731328907328577
3085 0.23547013157181065
3086 0.17297688614245754
3087 0.12525671827244295
3088 0.12556186937279634
3089 0.1453934825675341
3090 0.22401113892602825
3091 0.08695107956040546
3092 0.15782363901546317
3093 0.09768145122827264
3094 0.09430291461639807
3095 0.1548107269885678
3096 0.08596696549915049
3097 0.2292059401440237
3098 0.21054293226270399
3099 0.14218419777777214
3100 0.17421148638420403
3101 0.05575777152071202
3102 0.2421021688576494
3103 0.2045348132679973
3104 0.2361484157330666
3105 0.08088047811941108
3106 0.1845226300162721
3107 0.13003951102742708
3108 0.14057820392760362
3109 0.18212867140496733
3110 0.1298837572641328
3111 0.08126116561226783
3112 0.14337569699362734
3113 0.17890185927068614
3114 0.111556812707313
3115 0.07552720321293584
3116 0.16301475646027147
3117 0.13506246846097764
3118 0.21740982954906263
3119 0.1634296719328605
3120 0.11493226719092911
3121 0.15410578367500244
3122 0.23534312095454585
3123 0.16722266952307613
3124 0.12958983925114875
3125 0.1416737030444883
3126 0.0555432842941989
3127 0.14245270789306338
3128 0.11436564475079501
3129 0.0569409483705418
3130 0.18032742588705486
3131 0.19212515194625088
3132 0.09782890267011504
3133 0.17603409614941176
3134 0.23511114958805496
3135 0.08943388314080726
3136 0.11133070440306808
3137 0.1952066111926843
3138 0.10770246586545783
3139 0.07378920526245827
3140 0.2133804989997241
3141 0.09504842709679631
3142 0.08379977321172705
3143 0.13986771447359586
3144 0.14041954024581524
3145 0.23657287095556495
3146 0.16446133586776318
3147 0.15181436255684838
3148 0.08013204596036014
3149 0.18455449266173313
3150 0.04299282649787052
3151 0.20270323573457455
3152 0.14472792810611362
3153 0.1640227231421875
3154 0.13900992201522264
3155 0.09117762468848958
3156 0.2198552508578248
3157 0.1338983655968893
3158 0.11939865420557959
3159 0.14555709358777272
3160 0.12499498661371748
3161 0.12021113970164338
3162 0.15079619833309585
3163 0.2662962617090232
3164 0.20225717661229803
3165 0.21297923828889617
3166 0.2618557688717826
3167 0.16950419488296545
3168 0.10248218658061042
3169 0.09407532877835617
3170 0.21050631883939494
3171 0.11872803643892627
3172 0.07475292479862765
3173 0.15895716840575705
3174 0.09753260453342169
3175 0.20931784783430346
3176 0.14921253759034572
3177 0.17083464772007695
3178 0.1011036581565446
3179 0.20515728407833833
3180 0.12716985048720106
3181 0.05150179473887933
3182 0.18406623430548733
3183 0.17209876045276015
3184 0.15920409223887588
3185 0.20458354145779672
3186 0.13647882262388572
3187 0.20804672163152227
3188 0.18023320668037482
3189 0.0027039153627580245
3190 0.23487327171755262
3191 0.0706326648388801
3192 0.21323931868503257
3193 0.13467555620682192
3194 0.15797666807493457
3195 0.17453246385087387
3196 0.17732725353990364
3197 0.15231845104109734
3198 0.20287649491973664
3199 0.11734557061973136
3200 0.04300795860830726
3201 0.19478510620310618
3202 0.0980314749479708
3203 0.07014575104712258
3204 0.2227401250713705
3205 0.1486934946980618
3206 0.11754230650939032
3207 0.06615469322752107
3208 0.205464511755426
3209 0.16344187103583266
3210 0.167511578668907
3211 0.0929002603827247
3212 0.1785003518176815
3213 0.2129193108727197
3214 0.18640800930938636
3215 0.03139056847278581
3216 0.014417836447165785
3217 0.1616592998297832
3218 0.17716696758895056
3219 0.20798460362865961
3220 0.09544015386411417
3221 0.21242271676536761
3222 0.14248463663127
3223 0.16956217505925347
3224 0.22743395871227426
3225 0.1680901748429545
3226 0.09248008601130255
3227 0.14903918895121038
3228 0.14466993713245696
3229 0.09100783792901103
3230 0.05600657385037451
3231 nan
3232 nan
3233 nan
3234 nan
3235 nan
3236 nan
3237 nan
3238 nan
3239 nan
3240 nan
3241 nan
3242 nan
3243 nan
3244 nan
3245 nan
3246 nan
3247 nan
3248 nan
3249 nan
3250 nan
3251 nan
3252 nan
3253 nan
3254 nan
3255 nan
3256 nan
3257 nan
3258 nan
3259 nan
3260 nan
3261 nan
3262 nan
3263 nan
3264 nan
3265 nan
3266 nan
3267 nan
3268 nan
3269 nan
3270 nan
3271 nan
3272 nan
3273 nan
3274 nan
3275 nan
3276 nan
3277 nan
3278 nan
3279 nan
3280 nan
3281 nan
3282 nan
3283 nan
3284 nan
3285 nan
3286 nan
3287 nan
3288 nan
3289 nan
3290 nan
3291 nan
3292 nan
3293 nan
3294 nan
3295 nan
3296 nan
3297 nan
3298 nan
3299 nan
3300 nan
3301 nan
3302 nan
3303 nan
3304 nan
3305 nan
3306 nan
3307 nan
3308 nan
3309 nan
3310 nan
3311 nan
3312 nan
3313 nan
3314 nan
3315 nan
3316 nan
3317 nan
3318 nan
3319 nan
3320 nan
3321 nan
3322 nan
3323 nan
3324 nan
3325 nan
3326 nan
3327 nan
3328 nan
3329 nan
3330 nan
3331 nan
3332 nan
3333 nan
3334 nan
3335 nan
3336 nan
3337 nan
3338 nan
3339 nan
3340 nan
3341 nan
3342 nan
3343 nan
3344 nan
3345 nan
3346 nan
3347 nan
3348 nan
3349 nan
3350 nan
3351 nan
3352 nan
3353 nan
3354 nan
3355 nan
3356 nan
3357 nan
3358 nan
3359 nan
3360 nan
3361 nan
3362 nan
3363 nan
3364 nan
3365 0.0058442400400037725
3366 0.011778881977629139
3367 0.05115974201356416
3368 0.062250283836604366
3369 0.16642712726290218
3370 0.2613978117184224
3371 0.198863807141521
3372 0.2460206099494632
3373 0.16363717366341787
3374 0.00014664672287632705
3375 0.21387541312563366
3376 0.1251783158365472
3377 0.23035800398525205
3378 0.232333601264383
3379 0.2056017723885988
3380 0.07053994393324596
3381 0.10262503756223129
3382 0.13528991638530877
3383 0.1943599281740948
3384 0.17976525410933908
3385 0.0129096273646186
3386 0.13933198191613405
3387 0.19604795544523448
3388 0.19370531976701622
3389 0.20828245738890575
3390 0.07250380589509489
3391 0.23247753693999554
3392 0.19304446717774654
3393 0.20291877608056189
3394 0.028278688420151372
3395 0.19000071109599878
3396 0.2493769541082758
3397 0.011734885482145577
3398 0.1402694232661699
3399 0.010735964781537637
3400 0.02047662641419915
3401 0.2176551813208963
3402 0.08626451405368214
3403 0.11931433244323977
3404 0.07063096578632991
3405 0.048218411351924485
3406 0.21300938255560334
3407 0.08307243228617624
3408 0.02193096369909755
3409 0.09339343809155737
3410 0.015232871662169325
3411 0.09739953844889869
3412 0.23654258368488454
3413 0.20396830153646772
3414 0.00014357560485076304
3415 0.09851989390156386
3416 0.12216853085375355
3417 0.21798710382728925
3418 0.20961270298304654
3419 0.23253449894728637
3420 0.2006438279087088
3421 0.06955030617169275
3422 0.11503984592027401
3423 0.005382946868726477
3424 0.13162656169018572
3425 0.19007732006191902
3426 0.17044719518585563
3427 0.22762148234412063
3428 0.1069802337497279
3429 0.1947560109309351
3430 0.21860026770998248
3431 0.1836456667081401
3432 0.1589989782447974
3433 0.2183261204151301
3434 0.13828137363298235
3435 0.12495444589384337
3436 0.06166649543431142
3437 0.21259054238292027
3438 0.1663602235898158
3439 0.14549028745078266
3440 0.1204417470302312
3441 0.1623745185209693
3442 0.13727188527666312
3443 0.17216098517111766
3444 0.018112411692596614
3445 0.158917962999939
3446 0.25319101758627494
3447 0.09895267769112702
3448 0.13107426364096691
3449 0.07611994294106983
3450 0.11636869247556612
3451 0.07649242007417427
3452 0.19707478952215274
3453 0.18124353770009197
3454 0.18204005878089818
3455 0.1541237622820554
3456 0.19351211437741528
3457 0.2090916073213409
3458 0.18952981163057647
3459 0.09222782434007641
3460 0.1725307446090832
3461 0.1497639133316397
3462 0.146792635169546
3463 0.09690760778503722
3464 0.2606053439501493
3465 0.16166425571194193
3466 0.12215621594237741
3467 0.1879697778651959
3468 0.13556044847677426
3469 0.13660814175576352
3470 0.14838391466838255
3471 0.19070590586346503
3472 0.10701926096965542
3473 0.20791603109053794
3474 0.028889177683189292
3475 0.021012347186126167
3476 0.20945988937740584
3477 0.1591364858914563
3478 0.19179345937116338
3479 0.05539719172012672
3480 0.24468438247057434
3481 0.12018324101117668
3482 0.12342363486369466
3483 0.21299035074458542
3484 0.13003243375443557
3485 0.18087989232140866
3486 0.04087452193577433
3487 0.18023302857801032
3488 0.228060735737826
3489 0.16055915016745112
3490 0.055266712111231735
3491 0.0874916834794746
3492 0.1637502976189814
3493 0.18229091375799575
3494 0.19601321761270565
3495 0.13289312085533111
3496 0.052711369008129734
3497 0.14976844934467912
3498 0.2172704583786377
3499 0.17770985023401614
3500 0.21746340306585338
3501 0.18808833938670383
3502 0.14712320304181753
3503 0.09138831528002957
3504 0.21230102103202897
3505 0.22606720047538295
3506 0.09514394478220059
3507 0.25997502092039426
3508 0.10765773445950648
3509 0.26569995391667073
3510 0.0741384778310665
3511 0.03614553917110745
3512 0.11658222368909972
3513 0.12277528564634514
3514 0.20372580490414052
3515 0.07154163397070624
3516 0.03896455095287012
3517 0.14610626459116474
3518 0.1565995101896115
3519 0.1293504851528669
3520 0.1582532249885835
3521 0.20762363520485166
3522 0.16835619913199196
3523 0.014616793861351713
3524 0.1449939239427674
3525 0.05050575604946656
3526 0.06853205050715847
3527 0.09166867193260257
3528 0.012675840989663595
3529 0.15012552999504394
3530 0.001924377133958919
3531 0.1270462582139847
3532 0.07840660203569533
3533 0.15549962409347484
3534 0.12671867910936838
3535 0.22740059984428362
3536 0.07435420695949517
3537 0.027844226035641396
3538 0.1610465982638312
3539 0.1933823780320214
3540 0.015092875157709686
3541 0.15527670416536782
3542 0.2073047831222094
3543 0.0760875913038971
3544 0.18807263575836633
3545 0.05485193351011635
3546 0.060740940944248874
3547 0.25253146651278013
3548 0.08946628417856214
3549 0.21415930293073873
3550 0.16937420539153267
3551 0.19434532636650106
3552 0.2471326637254834
3553 0.09450865457126542
3554 0.18673447689642506
3555 0.04737959591297411
3556 0.24471682760565977
3557 0.026993234762273933
3558 0.22969512300890177
3559 0.12525100135735165
3560 0.06606361781188318
3561 0.15924930363384407
3562 0.13995690793192433
3563 0.21243495287391043
3564 0.11551984896059152
3565 0.05299043866007231
3566 0.13162871122451225
3567 0.1836667392396076
3568 0.17675424344278476
3569 0.000847228894805461
3570 0.15198879347252667
3571 0.14378596886513575
3572 0.07430010644950355
3573 0.20261841219094232
3574 0.052677764352526746
3575 0.08575633417850854
3576 0.14395431454762378
3577 0.14147229034011172
3578 0.181650798335299
3579 0.1954561637940223
3580 0.16123944018365535
3581 0.06785124558932204
3582 0.10905796910101143
3583 0.15395935826862434
3584 0.1971069704492843
3585 0.16171320146190582
3586 0.0966399648544352
3587 0.06073957615427634
3588 0.09822848050038092
3589 0.010573256118669475
3590 0.19211162326560868
3591 0.16995389392711732
3592 0.1071296738723085
3593 0.21317309585189786
3594 0.1271949408602427
3595 0.13017327547117985
3596 nan
3597 nan
3598 nan
3599 nan
3600 nan
3601 nan
3602 nan
3603 nan
3604 nan
3605 nan
3606 nan
3607 nan
3608 nan
3609 nan
3610 nan
3611 nan
3612 nan
3613 nan
3614 nan
3615 nan
3616 nan
3617 nan
3618 nan
3619 nan
3620 nan
3621 nan
3622 nan
3623 nan
3624 nan
3625 nan
3626 nan
3627 nan
3628 nan
3629 nan
3630 nan
3631 nan
3632 nan
3633 nan
3634 nan
3635 nan
3636 nan
3637 nan
3638 nan
3639 nan
3640 nan
3641 nan
3642 nan
3643 nan
3644 nan
3645 nan
3646 nan
3647 nan
3648 nan
3649 nan
3650 nan
3651 nan
3652 nan
3653 nan
3654 nan
3655 nan
3656 nan
3657 nan
3658 nan
3659 nan
3660 nan
3661 nan
3662 nan
3663 nan
3664 nan
3665 nan
3666 nan
3667 nan
3668 nan
3669 nan
3670 nan
3671 nan
3672 nan
3673 nan
3674 nan
3675 nan
3676 nan
3677 nan
3678 nan
3679 nan
3680 nan
3681 nan
3682 nan
3683 nan
3684 nan
3685 nan
3686 nan
3687 nan
3688 nan
3689 nan
3690 nan
3691 nan
3692 nan
3693 nan
3694 nan
3695 nan
3696 nan
3697 nan
3698 nan
3699 nan
3700 nan
3701 nan
3702 nan
3703 nan
3704 nan
3705 nan
3706 nan
3707 nan
3708 nan
3709 nan
3710 nan
3711 nan
3712 nan
3713 nan
3714 nan
3715 nan
3716 nan
3717 nan
3718 nan
3719 nan
3720 nan
3721 nan
3722 nan
3723 nan
3724 nan
3725 nan
3726 nan
3727 nan
3728 nan
3729 nan
3730 nan
3731 nan
3732 nan
3733 nan
3734 nan
3735 nan
3736 nan
3737 0.01166191862158426
3738 0.049401847049995916
3739 0.12640472880321463
3740 0.024286454009129287
3741 0.22079459199052365
3742 0.05974090695982727
3743 0.1314050472608861
3744 0.23572045644793843
3745 0.227501345323402
3746 0.19494881319877075
3747 0.10617025979598807
3748 0.21994224332640025
3749 0.19912857084124944
3750 0.16102380505944708
3751 0.20594453063131324
3752 0.11861116386895339
3753 0.060557659822189455
3754 0.2637484604854442
3755 0.2520974959013617
3756 0.10913087545327085
3757 0.24542581452366147
3758 0.1333704737050831
3759 0.2129986784156123
3760 0.1614199860106253
3761 0.10275232713476608
3762 0.20868649320606164
3763 0.11947202314276897
3764 0.17438474213875407
3765 0.145996443071442
3766 0.11509528173076244
3767 0.24711585296287195
3768 0.05722216434658018
3769 0.19116021140315964
3770 0.16432430388966524
3771 0.24259801454847496
3772 0.09215812122942446
3773 0.15450469681466045
3774 0.03129038873921373
3775 0.15526571500098243
3776 0.24425818144501726
3777 0.14593688654058237
3778 0.23472735391506985
3779 0.1388559301769825
3780 0.21977857410976914
3781 0.17275889708065867
3782 0.23084691728571294
3783 0.08031935995514426
3784 0.21430943412954614
3785 0.14254118126388493
3786 0.2185407681533331
3787 0.1146549153948406
3788 0.16613543676188403
3789 0.14250065905116402
3790 0.04802274787942095
3791 0.1345676767869183
3792 0.1659681924245085
3793 0.11362036112552715
3794 0.008783043301576067
3795 0.0796129569454886
3796 0.13940810508075357
3797 0.17054685556826824
3798 0.16625493997671179
3799 0.05544248482926897
3800 0.1387609580193314
3801 0.10739394821664835
3802 0.252431295359714
3803 0.22931715441355943
3804 0.1102251258242969
3805 0.045330589164442346
3806 0.05335016843249342
3807 0.03182179309478421
3808 0.20579624089989806
3809 0.2165749515279262
3810 0.13785491560546378
3811 0.1749177432276172
3812 0.21443342346299687
3813 0.09203920656181816
3814 0.12000395453722518
3815 0.06076110649370619
3816 0.03338378605242892
3817 0.19969683298493646
3818 0.041137596237023046
3819 0.132697845501666
3820 0.11230649955619573
3821 0.17474615187419865
3822 0.21089404847610577
3823 0.18344203581647622
3824 0.2472751787596635
3825 0.18459321427109646
3826 0.2046493475793311
3827 0.11276200028773459
3828 0.12096705609064343
3829 0.0712521334890073
3830 0.11391587169730129
3831 0.14114140037927528
3832 0.09439904727265774
3833 0.07098724769075071
3834 0.13536037809754659
3835 0.17904238559135618
3836 0.19178463377706803
3837 0.08712248719575094
3838 0.21204924466219677
3839 0.0015195688741924884
3840 0.15535404179479928
3841 0.23757736519466788
3842 0.17385751391744153
3843 0.04016164767975025
3844 0.08260713642018146
3845 0.06557944840746446
3846 0.12046500536666581
3847 0.09188407846406382
3848 0.08869186655901183
3849 0.045302169514010206
3850 0.06985729343896065
3851 0.11130526355103776
3852 0.10698470518582526
3853 0.16620282240907067
3854 0.20243369203337716
3855 0.21152134466071454
3856 0.18819728754269072
3857 0.1923541710933336
3858 0.04231639331338252
3859 0.11442469714259428
3860 0.061555881998362025
3861 0.19227070626384601
3862 0.010735411010392866
3863 0.11324603026032
3864 0.11164056268757581
3865 0.2251785081975834
3866 0.24675426985710824
3867 0.21289495866080893
3868 0.1491317631549942
3869 0.05944046901172698
3870 0.09866568059464977
3871 0.16273749687309555
3872 0.18651560223186245
3873 0.13539660387993
3874 0.14644027404608945
3875 0.19202997932750848
3876 0.17363143368961392
3877 0.0832431855910021
3878 0.1854915809479501
3879 0.2186558719468091
3880 0.12125600168569683
3881 0.15115791225576367
3882 0.14118045757411615
3883 0.012537515460115745
3884 0.03924913195499253
3885 0.13629224868737394
3886 0.17398399378430068
3887 0.11987412104975376
3888 0.16233435947380687
3889 0.1140369065911977
3890 0.14137462965868208
3891 0.22626774871916627
3892 0.024197223546352085
3893 0.1308329097644947
3894 0.23891391374353046
3895 0.13218735180303165
3896 0.14147238009715596
3897 0.08882245006931952
3898 0.08863280034629416
3899 0.18704891986232178
3900 0.008629668591755109
3901 0.07679479519862831
3902 0.09139700410950807
3903 0.2134149555042072
3904 0.07260941971985574
3905 0.18471411392682816
3906 0.15241524888277108
3907 0.09618666456823133
3908 0.2271113843720369
3909 0.06264143067419307
3910 0.21904659412140165
3911 0.07510651357475251
3912 0.14556073783680235
3913 0.11168272258256381
3914 0.21900822891893262
3915 0.12468251134720011
3916 0.1423089380573124
3917 0.12062749619648233
3918 0.08166904487966371
3919 0.1305076855859865
3920 0.11649524270479544
3921 0.12471134568514364
3922 0.14334002965269052
3923 0.10752294425133739
3924 0.16261422858604385
3925 0.09928440247073586
3926 0.12415661110601389
3927 0.013904064187272093
3928 0.005802115730305621
3929 0.10856504112816953
3930 0.1633555556506964
3931 0.02672420826314376
3932 0.12067184689176233
3933 0.15649176040443769
3934 0.12352769813104669
3935 0.14331736410431725
3936 0.04233602211210142
3937 0.0937365442335595
3938 0.001578786754456223
3939 0.017108768477152706
3940 0.17274232886861196
3941 0.15644196253142953
3942 0.1688052338261391
3943 0.06695107079579475
3944 0.11270522088113258
3945 0.12214107413608609
3946 0.0628780547536428
3947 0.15712551402617622
3948 0.06541680498955886
3949 0.09017822325509414
3950 0.09242850035383925
3951 0.0818547223259611
3952 0.09136144659761392
3953 0.14561679786414644
3954 0.17469730413036466
3955 0.1530535967743147
3956 0.05970029499150707
3957 0.026962549791275593
3958 0.208072174103345
3959 0.1886640980815496
3960 0.08726541468290093
3961 nan
3962 nan
3963 nan
3964 nan
3965 nan
3966 nan
3967 nan
3968 nan
3969 nan
3970 nan
3971 nan
3972 nan
3973 nan
3974 nan
3975 nan
3976 nan
3977 nan
3978 nan
3979 nan
3980 nan
3981 nan
3982 nan
3983 nan
3984 nan
3985 nan
3986 nan
3987 nan
3988 nan
3989 nan
3990 nan
3991 nan
3992 nan
3993 nan
3994 nan
3995 nan
3996 nan
3997 nan
3998 nan
3999 nan
4000 nan
4001 nan
4002 nan
4003 nan
4004 nan
4005 nan
4006 nan
4007 nan
4008 nan
4009 nan
4010 nan
4011 nan
4012 nan
4013 nan
4014 nan
check GSA.............
0 28 0.001
1 28 14.2
2 28 0.0231
3 28 4.0
4 28 1000.0
5 28 36000.0
6 28 198000.0
7 28 40000.0
8 28 -0.6
9 28 0.01
10 28 -125000.0
11 28 -642000.0
12 28 1.0
13 28 0.5
14 28 0.017
15 28 7.8
16 28 0.0231
17 28 4.0
18 28 1000.0
19 28 36000.0
20 28 198000.0
21 28 40000.0
22 28 -0.6
23 28 0.01
24 28 -125000.0
25 28 -642000.0
26 28 6.0
27 28 0.5
Defined problem:
  num_vars: 28
  names: ['slatop_7', 'leafcn_7', 'flnr_7', 'mbbopt_7', 'bbbopt_7', 'vcmaxha_7', 'vcmaxhd_7', 'jmaxha_7', 'xl_7', 'dleaf_7', 'smpso_7', 'smpsc_7', 'roota_par_7', 'rootb_par_7', 'slatop_13', 'leafcn_13', 'flnr_13', 'mbbopt_13', 'bbbopt_13', 'vcmaxha_13', 'vcmaxhd_13', 'jmaxha_13', 'xl_13', 'dleaf_13', 'smpso_13', 'smpsc_13', 'roota_par_13', 'rootb_par_13']
  bounds shape: (28, 2)
check (475136, 4015)
check dims: daily 365 (28, 365)
check dims: daily 365 (28, 365)
